date,identifier,water_code_status
2013-01-01,70619,[12, 16]
2013-01-02,70619,[12, 16]
2013-01-03,70619,[12, 16]
2013-01-04,70619,[12, 16]
2013-01-05,70619,[12, 16]
2013-01-06,70619,[12, 16]
2013-01-07,70619,[12, 16]
2013-01-08,70619,[12, 16]
2013-01-09,70619,[12, 16]
2013-01-10,70619,[12, 16]
2013-03-08,76280,[15, 12, 9]
2013-03-09,76280,[15, 12]
2013-03-10,76280,[15, 12]
2013-03-11,76280,[15, 12]
2013-04-12,10264,[12, 8]
2013-04-13,10264,[12, 8]
2013-04-14,10264,[12, 9]
2013-04-15,72559,[12, 25, 26]
2013-04-15,10292,[12, 9]
2013-04-16,10292,[12, 9]
2013-04-16,72559,[12, 8]
2013-04-16,72481,[12, 25, 26]
2013-04-16,72661,[12, 9, 8]
2013-04-16,10252,[12, 9, 27]
2013-04-16,10251,[12, 9, 27]
2013-04-17,10251,[12, 9, 27]
2013-04-17,72559,[12, 9, 8]
2013-04-17,10252,[12, 9, 27]
2013-04-17,72610,[12, 25, 26]
2013-04-17,72511,[12, 29, 8]
2013-04-17,72481,[12, 9, 26]
2013-04-17,72188,[12, 8]
2013-04-18,72188,[12, 8]
2013-04-18,70129,[12, 25]
2013-04-18,72610,[12, 9]
2013-04-18,72577,[12, 16, 42, 25]
2013-04-18,72552,[12, 9]
2013-04-18,72665,[12, 9, 26]
2013-04-18,10252,[12, 9, 27]
2013-04-18,72169,[12, 8, 26]
2013-04-18,10251,[12, 27, 8]
2013-04-19,10251,[12, 27, 8]
2013-04-19,72169,[12, 9]
2013-04-19,70129,[12, 9]
2013-04-19,72552,[12, 29, 8]
2013-04-19,72158,[12, 25]
2013-04-19,10252,[12, 9, 27]
2013-04-19,72463,[12, 9]
2013-04-19,72155,[12, 9]
2013-04-19,72577,[12, 9, 27, 25]
2013-04-19,72130,[15, 12, 25]
2013-04-19,72665,[12, 9, 8]
2013-04-19,72154,[12, 9]
2013-04-19,72113,[25, 11, 26]
2013-04-19,72162,[12, 47, 23]
2013-04-20,72162,[12, 9, 25, 26]
2013-04-20,72154,[12, 9]
2013-04-20,72145,[9, 11, 8]
2013-04-20,08347,[12, 8]
2013-04-20,72113,[9, 11]
2013-04-20,72033,[12, 25, 11, 26]
2013-04-20,10251,[12, 8]
2013-04-20,72463,[12, 9]
2013-04-20,72155,[12, 9]
2013-04-20,72110,[12, 2, 25, 26]
2013-04-20,72130,[12, 9, 28, 25]
2013-04-20,72158,[12, 9]
2013-04-20,72109,[12, 2, 8]
2013-04-21,72109,[12, 2, 8]
2013-04-21,70139,[12, 11]
2013-04-21,70043,[12, 25]
2013-04-21,08347,[12, 8]
2013-04-21,72106,[15, 12, 24]
2013-04-21,70609,[12, 9, 8]
2013-04-21,72110,[12, 2, 8]
2013-04-21,72463,[12, 8]
2013-04-21,70566,[12, 9]
2013-04-21,70596,[12, 2]
2013-04-21,07047,[12, 9]
2013-04-21,70288,[12, 25]
2013-04-21,72162,[12, 8]
2013-04-21,70152,[12, 9, 8]
2013-04-21,10251,[12, 8]
2013-04-21,72145,[9, 11, 8]
2013-04-21,70275,[12, 16, 25, 23]
2013-04-21,70361,[12, 9]
2013-04-22,70361,[12]
2013-04-22,7047,[12, 9]
2013-04-22,70043,[12, 2]
2013-04-22,70275,[12, 9, 8]
2013-04-22,70288,[12, 8]
2013-04-22,70094,[12, 9, 25, 26, 23]
2013-04-22,70158,[12, 8]
2013-04-22,72145,[9, 11]
2013-04-22,70139,[9, 11]
2013-04-22,10323,[12, 9, 11, 8]
2013-04-22,70596,[12, 2]
2013-04-22,70016,[12, 25, 23]
2013-04-22,70566,[12, 9, 8]
2013-04-22,10251,[12, 8]
2013-04-22,72162,[12, 8]
2013-04-22,08347,[12, 8]
2013-04-22,72106,[15, 12, 24]
2013-04-22,8321,[12, 25]
2013-04-22,70609,[12, 2, 8]
2013-04-23,10324,[12, 9, 8]
2013-04-23,70043,[12, 2]
2013-04-23,70094,[12, 9]
2013-04-23,8321,[12, 8]
2013-04-23,7051,[12, 9]
2013-04-23,70361,[12]
2013-04-23,70098,[12, 25, 23]
2013-04-23,8413,[12, 9, 25]
2013-04-23,70627,[12, 9]
2013-04-23,70158,[12, 8]
2013-04-23,72106,[12, 25, 26]
2013-04-23,72145,[9, 11, 8]
2013-04-23,10323,[12, 27, 8]
2013-04-24,7051,[12, 9]
2013-04-24,8413,[12, 8]
2013-04-24,70627,[12, 9]
2013-04-24,70098,[12, 9, 25, 8, 26]
2013-04-24,8321,[12, 9]
2013-04-24,70361,[12]
2013-04-24,70101,[12, 9]
2013-04-24,70043,[12, 2]
2013-04-25,70043,[12, 2]
2013-04-25,70101,[12]
2013-04-25,70011,[12, 9]
2013-04-25,8321,[12, 8]
2013-04-25,70339,[15, 12, 26]
2013-04-25,70361,[12, 11]
2013-04-25,70270,[12, 16, 25]
2013-04-25,7051,[12, 9]
2013-04-25,10325,[12, 9]
2013-04-25,70628,[12, 9, 8]
2013-04-25,70098,[12, 8]
2013-04-25,8331,[12, 9]
2013-04-25,70025,[12, 9, 8]
2013-04-25,8219,[12, 9]
2013-04-25,70281,[12, 9]
2013-04-25,70217,[12, 25]
2013-04-26,70217,[12, 8]
2013-04-26,70284,[12, 9]
2013-04-26,70361,[12, 11]
2013-04-26,70101,[12, 9, 26]
2013-04-26,70214,[12, 25]
2013-04-26,8339,[11, 8]
2013-04-26,70043,[12, 2]
2013-04-26,70270,[12, 8]
2013-04-26,70011,[12]
2013-04-26,8219,[12, 9]
2013-04-26,8331,[9, 11]
2013-04-26,70098,[12, 29]
2013-04-26,70628,[12, 9, 29]
2013-04-26,70334,[12, 25, 8, 26]
2013-04-26,8281,[12, 8]
2013-04-26,8321,[12, 9]
2013-04-26,70339,[12, 9, 26]
2013-04-26,8307,[12, 8]
2013-04-27,8307,[12, 9]
2013-04-27,70334,[12, 8]
2013-04-27,70214,[12, 25]
2013-04-27,8309,[12, 9]
2013-04-27,70601,[15, 12, 25, 23]
2013-04-27,8321,[12, 9]
2013-04-27,3003,[12, 8]
2013-04-27,70628,[12, 9, 8]
2013-04-27,70011,[12]
2013-04-27,3074,[12, 9, 23]
2013-04-27,70246,[12, 25, 23]
2013-04-27,8219,[12, 9]
2013-04-27,70101,[12, 8]
2013-04-27,8233,[12, 9]
2013-04-27,70212,[12, 25]
2013-04-27,70361,[12, 11]
2013-04-27,8375,[12, 25]
2013-04-27,70062,[12, 9, 23]
2013-04-27,7056,[12, 9]
2013-04-27,7098,[12, 9, 8]
2013-04-27,70271,[12]
2013-04-27,8281,[12, 9]
2013-04-28,70062,[12, 9]
2013-04-28,70271,[12]
2013-04-28,70363,[12, 11]
2013-04-28,8412,[11, 8]
2013-04-28,8241,[12, 8]
2013-04-28,70214,[12, 8]
2013-04-28,70334,[12, 8]
2013-04-28,70211,[12, 25]
2013-04-28,8375,[12, 8]
2013-04-28,7056,[12, 9]
2013-04-28,3003,[12, 9]
2013-04-28,8410,[9, 11]
2013-04-28,70270,[12, 8]
2013-04-28,7124,[12, 9]
2013-04-28,70601,[12, 25, 26]
2013-04-28,6329,[12, 9]
2013-04-28,70361,[12, 11]
2013-04-28,70212,[12, 25, 26]
2013-04-28,3004,[12, 8]
2013-04-28,70101,[12, 8]
2013-04-28,8219,[12, 8]
2013-04-28,70011,[12]
2013-04-28,3076,[12, 9]
2013-04-28,70628,[12, 8]
2013-04-28,8233,[12, 9]
2013-04-28,3074,[12, 9, 27]
2013-04-28,70246,[12, 26]
2013-04-28,3637,[15, 12, 11]
2013-04-28,70036,[12, 9, 11]
2013-04-28,7098,[12, 9]
2013-04-28,7070,[12, 9]
2013-04-28,70213,[12, 25]
2013-04-28,70182,[12, 25]
2013-04-29,70182,[12, 26]
2013-04-29,70246,[12, 26]
2013-04-29,7080,[12, 9]
2013-04-29,8241,[12, 8]
2013-04-29,70378,[12, 25, 23]
2013-04-29,70213,[12, 25]
2013-04-29,70363,[12, 9]
2013-04-29,70011,[12, 9, 8]
2013-04-29,8374,[15, 12, 9, 23]
2013-04-29,70238,[12, 25]
2013-04-29,70101,[12, 8]
2013-04-29,3004,[12, 8]
2013-04-29,8233,[12, 9]
2013-04-29,8313,[12, 9, 11, 8]
2013-04-29,7056,[12, 8]
2013-04-29,70361,[12, 11]
2013-04-29,70211,[12, 25]
2013-04-29,3008,[12, 27, 25]
2013-04-29,7124,[12, 9]
2013-04-29,3012,[12, 25]
2013-04-29,10503,[9, 11]
2013-04-29,70601,[12, 9]
2013-04-29,70628,[12, 29, 8]
2013-04-29,8410,[11, 8]
2013-04-29,70212,[12, 25, 26]
2013-04-29,70177,[12, 8]
2013-04-29,70242,[12, 26]
2013-04-29,7070,[12, 9]
2013-04-29,3637,[12, 11]
2013-04-29,3003,[12, 9]
2013-04-29,70394,[25, 11, 23]
2013-04-29,70374,[12]
2013-04-29,8300,[9, 11]
2013-04-29,3076,[12, 9]
2013-04-29,3068,[12, 9]
2013-04-29,8219,[12, 8]
2013-04-29,6329,[12]
2013-04-30,6329,[12, 9, 27]
2013-04-30,70374,[12]
2013-04-30,8219,[12, 8]
2013-04-30,8241,[12, 8]
2013-04-30,7080,[12, 9, 8]
2013-04-30,70180,[12, 9]
2013-04-30,70559,[25, 11, 26]
2013-04-30,7056,[12, 8]
2013-04-30,70395,[9, 11]
2013-04-30,8313,[12, 9, 8]
2013-04-30,70246,[12, 26]
2013-04-30,8374,[12, 9]
2013-04-30,10025,[12]
2013-04-30,70361,[12, 11]
2013-04-30,8233,[12, 9]
2013-04-30,70213,[12, 9]
2013-04-30,70378,[12, 25]
2013-04-30,3008,[12, 27]
2013-04-30,70242,[12, 9, 26]
2013-04-30,8299,[12, 9]
2013-04-30,6492,[15, 12, 9]
2013-04-30,70238,[12, 9]
2013-04-30,3004,[12, 8]
2013-04-30,70101,[12]
2013-04-30,3003,[12, 9]
2013-04-30,7135,[12, 9]
2013-04-30,6246,[12, 20]
2013-04-30,3076,[12, 9]
2013-04-30,70628,[12, 29]
2013-04-30,3012,[12, 9, 25]
2013-04-30,70211,[12, 9]
2013-04-30,70212,[12, 9]
2013-04-30,3084,[12, 25, 8]
2013-04-30,3637,[12, 11]
2013-04-30,70177,[12, 8]
2013-05-01,70177,[9, 11]
2013-05-01,3637,[12, 27, 2, 11]
2013-05-01,70374,[12, 9]
2013-05-01,7135,[12, 9]
2013-05-01,8241,[12, 8]
2013-05-01,8412,[12, 9]
2013-05-01,3084,[12, 8]
2013-05-01,70246,[12, 9, 25]
2013-05-01,70362,[12, 9]
2013-05-01,10025,[12]
2013-05-01,70517,[12, 25, 26]
2013-05-01,70559,[11]
2013-05-01,8374,[12, 9]
2013-05-01,70212,[12, 9, 27]
2013-05-01,8219,[12, 8]
2013-05-01,6492,[12, 9, 27]
2013-05-01,70180,[12, 9]
2013-05-01,3003,[12, 9]
2013-05-01,70378,[12, 25]
2013-05-01,70213,[12, 9]
2013-05-01,70394,[12, 9]
2013-05-01,70512,[12, 9, 25]
2013-05-01,70238,[12, 9]
2013-05-01,10507,[25, 11]
2013-05-01,6246,[12, 9, 20]
2013-05-01,3076,[9, 25, 11]
2013-05-01,70381,[12, 9, 25]
2013-05-01,70242,[12, 9, 27]
2013-05-01,3083,[12, 25, 11]
2013-05-01,8299,[12, 9]
2013-05-02,8299,[12, 9]
2013-05-02,3083,[12, 27]
2013-05-02,3076,[11, 8]
2013-05-02,70374,[12, 9]
2013-05-02,7135,[12, 9]
2013-05-02,8230,[12, 8]
2013-05-02,3086,[15, 11, 23]
2013-05-02,70382,[12, 9]
2013-05-02,3079,[9, 11]
2013-05-02,3085,[11, 8]
2013-05-02,70246,[12, 9]
2013-05-02,3068,[12, 8]
2013-05-02,8241,[12, 9]
2013-05-02,70334,[12, 9, 8]
2013-05-02,10507,[12, 25, 11]
2013-05-02,70517,[12, 26]
2013-05-02,3084,[12, 9]
2013-05-02,8374,[12, 9]
2013-05-02,70403,[12, 25]
2013-05-02,5733,[12, 25, 26]
2013-05-02,10025,[12, 5]
2013-05-02,70381,[12, 9]
2013-05-02,8304,[9, 11]
2013-05-02,8300,[12, 9]
2013-05-02,8410,[12, 9]
2013-05-02,8219,[12, 8]
2013-05-02,10511,[12, 16, 25, 23]
2013-05-02,70378,[12, 9, 25]
2013-05-02,70512,[12, 9, 27]
2013-05-03,8410,[12, 9]
2013-05-03,10511,[12, 9]
2013-05-03,8230,[12, 8]
2013-05-03,8374,[12, 9, 27]
2013-05-03,10505,[12, 9]
2013-05-03,8299,[9, 11]
2013-05-03,70517,[12, 26]
2013-05-03,70336,[12, 9]
2013-05-03,8307,[12, 9]
2013-05-03,3086,[9, 27, 25, 11]
2013-05-03,10507,[12, 25, 11]
2013-05-03,70374,[12, 27]
2013-05-03,5733,[12, 25, 26]
2013-05-03,8304,[9, 11]
2013-05-03,8300,[9, 11]
2013-05-03,70334,[12, 9]
2013-05-03,3068,[12, 8]
2013-05-03,70362,[12, 8]
2013-05-03,70403,[12, 9]
2013-05-03,8233,[12, 9]
2013-05-03,3084,[12, 9, 8]
2013-05-03,8241,[12, 8]
2013-05-03,6005,[12, 9, 27]
2013-05-04,8307,[12, 8]
2013-05-04,8299,[9, 11]
2013-05-04,8230,[11, 8]
2013-05-04,10505,[12, 9, 2]
2013-05-04,8241,[12, 8]
2013-05-04,3087,[12, 25]
2013-05-04,70336,[12, 8]
2013-05-04,8309,[12, 9]
2013-05-04,70514,[12, 9]
2013-05-04,70517,[12, 9]
2013-05-04,3334,[9, 11]
2013-05-04,8233,[12, 8]
2013-05-04,70334,[12, 8]
2013-05-04,5733,[12, 9, 25, 26]
2013-05-04,8300,[9, 11]
2013-05-04,10507,[25, 11]
2013-05-04,3663,[12]
2013-05-04,3560,[11, 8]
2013-05-05,3560,[9, 11]
2013-05-05,3663,[12, 9]
2013-05-05,8309,[12, 9]
2013-05-05,10030,[12, 9, 25, 26]
2013-05-05,6005,[12, 27, 8]
2013-05-05,70336,[12, 8]
2013-05-05,8241,[12, 8]
2013-05-05,10505,[12, 9, 8]
2013-05-05,70408,[12, 25, 26]
2013-05-05,70530,[12, 48]
2013-05-05,3168,[12, 9, 27]
2013-05-05,70514,[12, 9]
2013-05-05,3087,[12, 9]
2013-05-06,6005,[12, 27, 8]
2013-05-06,10030,[12, 9, 8]
2013-05-06,8241,[12, 8]
2013-05-06,3169,[12, 9, 27]
2013-05-06,5449,[12, 9, 25, 26]
2013-05-07,5449,[12, 9]
2013-05-07,3150,[12, 23]
2013-05-07,6005,[12, 27, 8]
2013-05-07,3271,[9, 27, 11]
2013-05-08,3293,[11, 26]
2013-05-08,3555,[12, 26]
2013-05-08,3030,[12, 9, 27]
2013-05-09,3555,[12, 9, 26]
2013-05-09,3293,[9, 11]
2013-05-09,5454,[12, 25, 26]
2013-05-10,5454,[12, 25, 26]
2013-05-10,8086,[12, 9, 8]
2013-05-11,10698,[12, 8]
2013-05-11,5454,[12, 9]
2013-05-11,70436,[27, 25, 11]
2013-05-12,5454,[12, 9, 27, 60, 8]
2013-05-12,10698,[12, 8]
2013-05-13,3230,[12, 9, 25]
2013-05-14,3230,[12, 11]
2013-05-14,10698,[11, 8]
2013-05-14,3047,[12, 9]
2013-05-15,3047,[12, 9]
2013-05-15,3230,[12, 11]
2013-05-15,70436,[11, 8]
2013-05-16,3230,[12]
2013-05-16,3047,[12, 9, 8]
2013-05-16,3616,[12, 25, 11, 23]
2013-05-17,3616,[12, 11]
2013-05-17,3812,[12, 25, 11]
2013-05-17,3230,[12, 11]
2013-05-17,3811,[12, 25, 11, 26]
2013-05-18,3811,[12, 11]
2013-05-18,3812,[12, 11]
2013-05-18,3616,[12, 11]
2013-05-18,3809,[12, 34]
2013-05-19,3809,[12, 34]
2013-05-19,3616,[12, 11]
2013-05-19,3812,[12, 11]
2013-05-19,3811,[12, 11]
2013-05-20,3811,[12, 11]
2013-05-20,3812,[12, 11]
2013-05-20,3616,[12]
2013-05-20,3809,[12, 34]
2013-05-21,3809,[12, 34]
2013-05-21,3616,[12]
2013-05-21,3812,[12, 9, 11]
2013-05-21,3811,[12, 9, 11]
2013-05-22,3811,[12, 11]
2013-05-22,3812,[12, 11]
2013-05-22,3616,[12, 9]
2013-05-22,3809,[12, 34]
2013-05-23,3809,[12, 34]
2013-05-23,3616,[12, 9]
2013-05-23,3812,[12, 11]
2013-05-23,3811,[12, 9, 11]
2013-05-24,3811,[12, 11]
2013-05-24,3812,[12, 11]
2013-05-24,3616,[12, 8]
2013-05-24,3809,[12, 34]
2013-05-25,3809,[12, 34]
2013-05-25,3616,[12, 9]
2013-05-25,3812,[12, 11]
2013-05-25,3821,[12, 11, 26]
2013-05-25,3811,[12, 11]
2013-05-26,3811,[12, 11]
2013-05-26,3821,[12, 9, 11]
2013-05-26,3812,[12, 11]
2013-05-26,3809,[12, 34]
2013-05-26,3616,[12]
2013-05-27,3616,[12, 9]
2013-05-27,3809,[12, 34]
2013-05-27,3812,[12, 11]
2013-05-27,3811,[12, 11]
2013-05-27,3821,[12, 9, 11]
2013-05-28,3821,[12, 9, 11]
2013-05-28,3811,[12, 9, 11]
2013-05-28,3812,[12, 11]
2013-05-28,3616,[12, 9, 8]
2013-05-28,3809,[12, 34]
2013-05-29,3809,[12, 34]
2013-05-29,3616,[12]
2013-05-29,3812,[12, 9, 11]
2013-05-29,3821,[12, 11]
2013-05-30,3821,[12, 11]
2013-05-30,3811,[9, 11, 8]
2013-05-30,3809,[12, 34]
2013-05-31,3809,[12, 34]
2013-05-31,3811,[11, 8]
2013-05-31,3821,[12, 11]
2013-06-01,3821,[12, 9, 11]
2013-10-16,10501,[9, 11]
2013-10-17,10501,[9, 11, 8]
2013-10-18,10501,[9, 11]
2013-10-19,10501,[9, 11]
2013-10-21,10501,[12, 9]
2013-10-22,10501,[12, 9]
2013-10-23,10501,[12, 9]
2013-10-24,10501,[12, 9]
2013-10-25,10501,[12, 9, 8]
2013-10-26,10501,[12, 11, 8]
2013-10-27,10501,[9, 11]
2013-10-28,10501,[12, 11, 8]
2013-10-29,10501,[12, 9, 11, 8]
2013-10-30,10501,[12, 11, 8]
2013-10-31,10501,[12, 8]
2013-11-07,70425,[12, 8]
2013-11-09,70531,[12, 9, 27]
2013-11-14,70436,[12, 27]
2013-11-15,70436,[12, 27, 25]
2013-11-16,70436,[12, 27]
2013-12-09,70619,[12, 9, 2]
2013-12-10,70619,[12, 9]
2013-12-11,70619,[12, 9]
2013-12-12,70619,[12, 9]
2013-12-13,70619,[12, 9]
2013-12-14,70619,[12, 9]
2013-12-15,70619,[12, 16]
2013-12-16,70619,[12, 16]
2013-12-17,70619,[12, 16]
2013-12-18,70619,[12, 16]
2013-12-19,70619,[12, 16]
2013-12-20,70619,[12, 16]
2013-12-21,70619,[12, 16]
2013-12-22,70619,[12, 16]
2013-12-23,70619,[12, 16]
2013-12-24,70619,[12, 16]
2013-12-25,70619,[12, 16]
2013-12-26,70619,[12, 16]
2013-12-27,70619,[12, 16]
2013-12-28,70619,[15, 12]
2013-12-29,70619,[15, 12]
2013-12-30,70619,[12, 25]
2013-12-31,70619,[12, 26]
2013-12-31,72156,[12, 25, 26]
2014-01-01,72156,[12, 9]
2014-01-01,70619,[12, 2]
2014-01-01,72148,[12, 9]
2014-01-02,72148,[12, 9, 5]
2014-01-02,72156,[12, 8]
2014-01-02,70619,[12, 2]
2014-01-02,72760,[12, 1, 8]
2014-01-03,72760,[12, 8]
2014-01-03,72148,[12, 5, 2]
2014-01-03,70619,[12, 2]
2014-01-03,72156,[12, 8]
2014-01-04,72156,[12, 8]
2014-01-04,72760,[12, 8]
2014-01-04,70619,[12, 2]
2014-01-05,70619,[12, 2]
2014-01-05,72156,[12, 8]
2014-01-05,72760,[12, 8]
2014-01-06,72156,[12, 8]
2014-01-06,70619,[12, 2]
2014-01-07,70619,[12, 2]
2014-01-07,72156,[12, 8]
2014-01-08,72156,[12, 8]
2014-01-09,72156,[12, 8]
2014-01-09,70619,[12, 8]
2014-01-10,70619,[12, 8]
2014-01-10,72156,[12, 8]
2014-01-11,70619,[12, 9]
2014-01-12,70619,[12, 9]
2014-01-13,70619,[12, 9]
2014-01-14,70619,[12, 9]
2014-01-15,70619,[12, 9]
2014-01-16,70619,[12, 9]
2014-01-17,70619,[15, 12]
2014-01-18,70619,[15, 12]
2014-01-19,70619,[15, 12]
2014-01-20,70619,[15, 12]
2014-01-21,70619,[12, 16]
2014-01-22,70619,[12, 16]
2014-01-23,70619,[12, 16]
2014-01-24,70619,[12, 16]
2014-01-25,70619,[12, 16]
2014-01-26,70619,[12, 16]
2014-01-27,70619,[12, 16]
2014-01-28,70619,[12, 16]
2014-01-29,70619,[12, 16]
2014-01-30,70619,[12, 16]
2014-01-31,83314,[12, 16]
2014-02-01,83818,[12, 2]
2014-02-02,83818,[15, 12, 2]
2014-02-03,83818,[15, 12, 2]
2014-02-04,83818,[15, 12, 2]
2014-02-05,83818,[15, 12, 2]
2014-02-06,83818,[15, 12, 2]
2014-02-07,83818,[15, 12, 2]
2014-02-08,83818,[15, 12, 2]
2014-02-09,83818,[15, 12, 2]
2014-02-10,83818,[15, 12, 2]
2014-02-10,83411,[12, 9]
2014-02-11,83299,[51, 2, 11]
2014-02-11,83818,[15, 12, 2]
2014-02-12,83818,[15, 12, 2]
2014-02-12,83299,[51, 11, 29]
2014-02-13,83818,[15, 12, 2]
2014-02-14,83818,[15, 12, 2]
2014-02-15,83818,[15, 12, 2]
2014-02-19,72801,[9, 2, 11, 26]
2014-02-23,72739,[12, 16]
2014-02-24,72739,[12, 16]
2014-02-25,72739,[12, 22]
2014-02-26,72739,[12, 22]
2014-02-26,72801,[2, 11]
2014-02-27,72801,[2, 11, 8]
2014-02-27,72739,[12, 22]
2014-02-28,72739,[15, 12, 22]
2014-03-01,72739,[15, 12, 22]
2014-03-02,72739,[15, 12, 22]
2014-03-03,72739,[15, 12, 22]
2014-03-04,72739,[15, 12, 22]
2014-03-05,72739,[15, 12, 22]
2014-03-06,72739,[15, 12, 22]
2014-03-07,72739,[15, 12, 22]
2014-03-08,72739,[15, 12, 22]
2014-03-09,72739,[15, 12, 22]
2014-03-10,72739,[15, 12, 22]
2014-03-11,72739,[15, 12]
2014-03-12,72739,[15, 12]
2014-03-13,72739,[15, 12]
2014-03-14,72739,[15, 12]
2014-03-15,72739,[15, 12]
2014-03-16,72739,[15, 12]
2014-03-17,72739,[15, 12]
2014-03-18,72739,[15, 12]
2014-03-19,72739,[15, 12]
2014-03-20,72739,[15, 12]
2014-03-21,72739,[15, 12]
2014-03-21,10287,[12, 9]
2014-03-22,10287,[12, 9]
2014-03-22,72739,[15, 12]
2014-03-23,72739,[15, 12]
2014-03-23,10287,[12, 9]
2014-03-24,10287,[12, 8]
2014-03-24,72739,[15, 12]
2014-03-25,72739,[15, 12]
2014-03-25,72281,[12, 25, 26]
2014-03-26,72739,[15, 12]
2014-03-26,72459,[12, 9]
2014-03-27,5239,[12, 25, 11]
2014-03-27,72739,[15, 12]
2014-03-28,72739,[15, 12]
2014-03-28,5211,[12, 11]
2014-03-28,5239,[15, 25, 11]
2014-03-29,5211,[12]
2014-03-29,72739,[15, 12]
2014-03-30,72739,[15, 12]
2014-03-30,5635,[12, 8]
2014-03-30,5211,[12]
2014-03-31,5211,[12]
2014-03-31,5635,[12]
2014-03-31,72739,[15, 12]
2014-03-31,10532,[12, 9]
2014-03-31,5239,[12, 4]
2014-04-01,72739,[15, 12]
2014-04-01,5635,[12, 29]
2014-04-02,72739,[15, 12, 27]
2014-04-03,72739,[15, 12]
2014-04-03,10264,[12, 9, 28]
2014-04-03,10233,[12, 9]
2014-04-04,10233,[12, 9]
2014-04-04,10588,[12, 25]
2014-04-04,10385,[12, 9]
2014-04-04,10188,[12, 8]
2014-04-05,10188,[12, 8]
2014-04-05,72198,[12, 2, 8]
2014-04-05,10588,[12]
2014-04-05,10252,[12, 11]
2014-04-05,10251,[12, 9, 27]
2014-04-06,10251,[12, 9, 27]
2014-04-06,10252,[12, 9]
2014-04-06,10315,[12, 25]
2014-04-06,10588,[12, 25]
2014-04-06,5112,[12, 25]
2014-04-06,8233,[15, 12]
2014-04-06,8321,[12, 8]
2014-04-07,8321,[12, 8]
2014-04-07,8233,[12, 9]
2014-04-07,7051,[12, 9]
2014-04-07,10315,[12, 27, 8]
2014-04-07,5112,[12, 25]
2014-04-07,72198,[12, 2, 8]
2014-04-07,7070,[12, 9]
2014-04-08,7070,[12, 9]
2014-04-08,8321,[12, 8]
2014-04-08,72198,[12, 2, 8]
2014-04-08,8413,[12, 8]
2014-04-08,5112,[12, 25]
2014-04-08,7051,[12, 9]
2014-04-08,7102,[12, 9]
2014-04-09,72198,[12, 2, 8]
2014-04-09,7051,[12, 9, 27]
2014-04-09,7070,[12, 9, 8]
2014-04-09,7050,[12, 9]
2014-04-09,10338,[15, 12, 9]
2014-04-09,8413,[12, 9]
2014-04-09,8321,[12, 8]
2014-04-10,8309,[12, 9]
2014-04-10,3577,[12, 9]
2014-04-10,10338,[12, 9, 8]
2014-04-10,7003,[15, 12, 16]
2014-04-10,72198,[12, 2, 8]
2014-04-11,72198,[12, 8]
2014-04-11,8309,[12, 9]
2014-04-11,7053,[12, 9]
2014-04-11,70102,[15, 11]
2014-04-11,7003,[12, 11]
2014-04-11,3577,[12, 8]
2014-04-11,7072,[12, 9]
2014-04-11,5004,[12, 9]
2014-04-12,7072,[12, 9]
2014-04-12,8309,[12, 8]
2014-04-12,72198,[12, 8]
2014-04-12,3068,[12, 23]
2014-04-12,3577,[12, 8]
2014-04-12,70102,[15, 11]
2014-04-12,7003,[9, 11]
2014-04-13,70102,[15, 11]
2014-04-13,3068,[12, 9]
2014-04-13,7072,[12, 9, 27]
2014-04-13,8309,[12, 8]
2014-04-13,8375,[12, 8]
2014-04-13,3577,[12, 9]
2014-04-14,3577,[12, 9]
2014-04-14,8375,[12, 8]
2014-04-14,8323,[12, 9]
2014-04-14,8309,[12, 8]
2014-04-15,8309,[12, 8]
2014-04-15,8323,[12, 9]
2014-04-15,7056,[12, 9]
2014-04-15,3577,[12, 9]
2014-04-15,8375,[12, 8]
2014-04-16,8375,[12, 9]
2014-04-16,8323,[12, 8]
2014-04-16,3010,[12, 9]
2014-04-16,3577,[12, 9]
2014-04-16,3012,[12, 9]
2014-04-16,3603,[12, 9]
2014-04-16,7056,[12, 9]
2014-04-16,3008,[12, 9, 29]
2014-04-16,3014,[12, 26]
2014-04-16,3086,[12, 9]
2014-04-16,3083,[12, 9]
2014-04-16,3085,[11]
2014-04-16,8403,[12, 9, 27]
2014-04-17,8323,[12, 8]
2014-04-17,3083,[12, 9]
2014-04-17,70275,[12, 9]
2014-04-17,70094,[12, 8]
2014-04-17,3014,[12, 9]
2014-04-17,3012,[12, 9]
2014-04-17,70129,[12, 9]
2014-04-17,7056,[12, 9]
2014-04-17,3015,[12, 9, 25]
2014-04-18,3015,[12]
2014-04-18,3083,[12, 29]
2014-04-18,70165,[12, 25]
2014-04-18,8313,[12, 9, 8]
2014-04-18,70293,[12, 25, 11, 26]
2014-04-18,70094,[12, 9, 8]
2014-04-19,70147,[12, 27, 25]
2014-04-19,70281,[12, 9, 16]
2014-04-19,70293,[12, 9, 27, 11]
2014-04-19,70628,[12, 9]
2014-04-19,70165,[12, 25]
2014-04-20,70165,[12, 25]
2014-04-20,8374,[12, 25, 26]
2014-04-20,70016,[9, 11]
2014-04-20,70270,[12, 25]
2014-04-20,70271,[9, 25, 11, 26]
2014-04-20,70061,[12]
2014-04-20,70281,[12, 9]
2014-04-20,3073,[12, 9]
2014-04-21,3073,[12, 8]
2014-04-21,70061,[12, 8]
2014-04-21,8374,[12, 9, 25]
2014-04-21,70270,[12, 9]
2014-04-21,3076,[12, 8]
2014-04-21,3074,[12, 8]
2014-04-21,5001,[12, 9, 27, 8]
2014-04-21,70066,[12, 9]
2014-04-21,70351,[11, 26]
2014-04-21,70165,[12, 25]
2014-04-21,5002,[12, 9, 27]
2014-04-22,70512,[12, 25, 23]
2014-04-22,3579,[12, 23]
2014-04-22,70165,[12, 25]
2014-04-22,70351,[9, 11, 8]
2014-04-22,3073,[12, 8]
2014-04-22,8374,[12, 9]
2014-04-22,3074,[12, 8]
2014-04-22,70345,[12, 9, 8]
2014-04-22,70072,[12, 9]
2014-04-22,3630,[12, 9, 25]
2014-04-22,70067,[12, 9]
2014-04-23,70067,[12, 9, 8]
2014-04-23,70512,[12, 25]
2014-04-23,3630,[12, 9]
2014-04-23,8374,[12, 9]
2014-04-23,3074,[12, 8]
2014-04-23,3073,[12, 8]
2014-04-23,70165,[12, 8]
2014-04-23,70601,[12, 25]
2014-04-23,3579,[12, 9, 23]
2014-04-24,3028,[12, 9, 25, 26]
2014-04-24,3073,[12]
2014-04-24,3156,[12, 25, 26]
2014-04-24,3074,[12, 8]
2014-04-24,70067,[12, 8]
2014-04-24,70512,[12, 25]
2014-04-25,70512,[12, 25]
2014-04-25,3074,[12, 8]
2014-04-25,3156,[12, 9, 27, 8]
2014-04-25,3073,[12]
2014-04-25,3028,[12, 9, 27, 8]
2014-04-25,70394,[12, 25]
2014-04-25,3199,[12, 9]
2014-04-26,3355,[12]
2014-04-26,3555,[12, 9]
2014-04-26,5453,[12, 25]
2014-04-26,3073,[12]
2014-04-26,3074,[12]
2014-04-26,70512,[11, 26]
2014-04-27,70512,[11, 26]
2014-04-27,3074,[12]
2014-04-27,3355,[12, 8]
2014-04-27,70212,[12, 9]
2014-04-27,3073,[12]
2014-04-27,3555,[12, 9]
2014-04-27,3030,[12, 9, 27, 26]
2014-04-28,3030,[12, 9, 27]
2014-04-28,3073,[12]
2014-04-28,3074,[12]
2014-04-28,70512,[11, 26]
2014-04-28,3555,[12, 9]
2014-04-28,70212,[12, 9]
2014-04-28,70394,[12, 9, 26]
2014-04-28,3031,[12, 9, 11]
2014-04-28,3180,[12, 9]
2014-04-28,70361,[12, 11]
2014-04-29,3180,[12, 11]
2014-04-29,70512,[11, 26]
2014-04-29,70394,[12, 8]
2014-04-29,3073,[12]
2014-04-29,3031,[12, 9, 11]
2014-04-29,3074,[12]
2014-04-30,3074,[12]
2014-04-30,3073,[12]
2014-04-30,70512,[11, 26]
2014-04-30,3180,[11, 8]
2014-04-30,3035,[9, 25, 11, 26]
2014-05-01,3180,[12, 8]
2014-05-01,70361,[12, 11]
2014-05-01,3168,[25, 11, 26]
2014-05-01,3073,[12]
2014-05-01,70382,[12, 9]
2014-05-01,70512,[11, 26]
2014-05-01,3198,[9, 11]
2014-05-01,3074,[12]
2014-05-02,3180,[12, 11]
2014-05-02,10025,[12, 9]
2014-05-02,10505,[12, 9, 26, 23]
2014-05-02,70512,[11, 26]
2014-05-02,3168,[11, 26]
2014-05-02,70382,[12]
2014-05-02,3073,[12]
2014-05-02,70361,[12, 11]
2014-05-02,3334,[27, 11, 8]
2014-05-03,3334,[27, 11, 8]
2014-05-03,3168,[9, 27, 11, 8, 26]
2014-05-03,70382,[12]
2014-05-03,10505,[12, 9]
2014-05-03,3220,[12, 9, 27]
2014-05-03,10025,[12, 8]
2014-05-03,70512,[11, 26]
2014-05-03,3292,[12, 9]
2014-05-04,3292,[12]
2014-05-04,3334,[27, 11, 8]
2014-05-04,70382,[12]
2014-05-04,10505,[12, 9]
2014-05-05,10505,[12]
2014-05-05,3292,[12, 9]
2014-05-05,70382,[12]
2014-05-05,3334,[27, 11, 8]
2014-05-05,3264,[12, 11]
2014-05-06,3264,[12, 11]
2014-05-06,10505,[12]
2014-05-06,10030,[12, 25]
2014-05-06,70382,[12, 9]
2014-05-06,3292,[12, 9]
2014-05-06,3596,[12, 25, 11]
2014-05-07,3596,[12, 11]
2014-05-07,3292,[12, 29]
2014-05-07,3264,[11]
2014-05-07,70382,[12, 9, 27]
2014-05-07,10030,[12, 25]
2014-05-07,70514,[12]
2014-05-07,3042,[11, 8]
2014-05-08,3222,[11]
2014-05-08,10033,[12, 25, 26, 23]
2014-05-08,3596,[12, 11]
2014-05-08,3258,[12]
2014-05-09,3258,[12, 9, 8]
2014-05-09,3596,[12, 25, 11]
2014-05-09,10686,[12, 9, 27]
2014-05-09,10033,[12, 23]
2014-05-09,3222,[11]
2014-05-10,3222,[11]
2014-05-10,70425,[12, 8]
2014-05-10,10033,[12, 23]
2014-05-11,10033,[12, 9, 23]
2014-05-11,70363,[12, 25, 23]
2014-05-11,70425,[12, 8]
2014-05-11,3230,[11, 26]
2014-05-12,3230,[11]
2014-05-12,70363,[12, 25]
2014-05-13,70363,[12, 9, 25]
2014-05-13,3230,[12, 9, 11]
2014-05-13,10034,[12, 9, 27, 8]
2014-05-13,70487,[12, 9]
2014-05-14,70487,[12, 8]
2014-05-14,10497,[12, 25, 26]
2014-05-16,3405,[9, 11]
2014-05-17,3405,[11]
2014-05-18,3405,[12]
2014-05-18,10715,[12]
2014-05-19,10715,[12, 11]
2014-05-19,3405,[12]
2014-05-19,3443,[12, 25, 23]
2014-05-20,70497,[12, 28]
2014-05-20,10715,[12, 9, 29]
2014-05-20,3422,[12]
2014-05-21,3422,[12]
2014-05-21,70497,[12, 9, 28]
2014-05-21,70827,[12, 9, 26]
2014-05-21,70436,[12, 25]
2014-05-22,70436,[12, 25, 26]
2014-05-22,70827,[12, 9, 26]
2014-05-22,3821,[12, 9, 25, 26]
2014-05-23,3821,[12, 9, 11]
2014-05-23,70827,[12, 9, 26]
2014-05-23,70497,[9, 11, 8]
2014-05-24,3821,[12, 9, 11]
2014-05-25,3821,[12, 11]
2014-05-25,70497,[9, 11, 8]
2014-05-25,3420,[12, 9, 25, 8]
2014-05-26,3821,[12, 11]
2014-05-27,3821,[12, 11]
2014-05-27,3812,[12, 9]
2014-05-27,3616,[12, 9, 53]
2014-05-27,3861,[12, 9, 23]
2014-05-27,3811,[12, 9, 25]
2014-05-28,3811,[12, 9]
2014-05-28,3616,[12, 9]
2014-05-28,3861,[12, 11]
2014-05-28,3821,[12, 11]
2014-05-28,3812,[12, 9]
2014-05-29,3812,[12, 9]
2014-05-29,3861,[12, 11]
2014-05-29,3821,[12, 9, 11]
2014-05-29,3811,[12, 9]
2014-05-29,3616,[12, 9, 8]
2014-05-30,3616,[12, 8]
2014-05-30,3811,[12, 8]
2014-05-30,3812,[12, 9, 8]
2014-05-30,3861,[12, 11]
2014-05-30,3814,[12, 9, 25, 26]
2014-05-31,3814,[12, 9]
2014-05-31,3812,[12, 8]
2014-05-31,3861,[12, 9, 27, 11, 8]
2014-05-31,3616,[12, 8]
2014-05-31,3811,[12, 8]
2014-06-01,70499,[9, 11]
2014-06-01,3616,[12]
2014-06-01,3814,[12, 9]
2014-06-01,3812,[12, 29, 8]
2014-06-02,3814,[12, 9]
2014-06-02,3616,[12]
2014-06-03,3616,[12]
2014-06-03,3814,[12, 9]
2014-06-04,3814,[12, 9]
2014-06-04,3616,[12]
2014-06-05,3401,[9, 11]
2014-11-10,10571,[12, 9, 2]
2014-11-11,10571,[12, 16]
2014-11-12,10251,[12, 5]
2015-01-02,72106,[16, 11]
2015-01-13,8155,[15, 12]
2015-01-13,83266,[12, 5, 2]
2015-01-14,8155,[15, 12]
2015-01-15,8155,[15, 12]
2015-01-16,8155,[15, 12]
2015-01-25,8397,[15, 12, 9, 2]
2015-01-26,8397,[15, 12]
2015-02-06,7012,[15, 12]
2015-02-07,7012,[15, 12]
2015-02-08,7012,[12, 16, 28]
2015-03-03,72603,[12, 9, 2, 8]
2015-03-03,72577,[12, 25, 26]
2015-03-04,72577,[12, 26]
2015-03-04,72603,[12, 2, 8]
2015-03-04,72610,[12, 25, 26]
2015-03-05,72610,[12, 26]
2015-03-05,72603,[12, 2, 8]
2015-03-05,72577,[12, 26]
2015-03-06,72577,[12, 26]
2015-03-06,72569,[12, 9, 2]
2015-03-06,72603,[12, 2, 8]
2015-03-06,72610,[12, 26]
2015-03-07,72610,[12, 26]
2015-03-07,72577,[12, 26]
2015-03-07,72603,[12, 2, 8]
2015-03-07,72569,[12, 2, 8]
2015-03-08,72569,[12, 2, 8]
2015-03-08,72610,[12, 9, 25]
2015-03-08,72603,[12, 2, 8]
2015-03-08,72511,[12, 8]
2015-03-08,72577,[12, 26]
2015-03-09,72577,[12, 25, 26]
2015-03-09,72603,[12, 2, 8]
2015-03-10,72603,[12, 2, 8]
2015-03-10,72577,[12, 25, 26]
2015-03-11,72577,[12, 26]
2015-03-11,72481,[12, 25, 26]
2015-03-12,72481,[12, 9, 26]
2015-03-12,72577,[12, 26]
2015-03-13,72577,[12, 26]
2015-03-14,72577,[12, 26]
2015-03-15,72577,[12, 9, 25]
2015-03-16,5759,[15, 11]
2015-03-18,72459,[12, 25, 26]
2015-03-19,72459,[12, 25]
2015-03-20,72459,[12, 25, 26]
2015-03-20,5635,[12]
2015-03-21,5635,[12]
2015-03-22,5635,[12]
2015-03-22,72423,[12, 27, 2, 8]
2015-03-23,72423,[12, 27, 1, 2]
2015-03-23,5635,[12, 2]
2015-03-24,72423,[12, 27, 1, 5, 2]
2015-03-24,5635,[12, 2]
2015-03-24,5216,[12, 16, 25, 29]
2015-03-25,5635,[12, 20]
2015-03-25,72423,[12, 27, 1, 5, 4]
2015-03-26,72423,[12, 27, 1, 5]
2015-03-26,5635,[12, 20]
2015-03-26,10122,[12, 23]
2015-03-26,5211,[12, 9]
2015-03-27,5211,[12]
2015-03-27,10122,[12, 23]
2015-03-28,10122,[12, 23]
2015-03-29,5190,[12, 29]
2015-03-31,5290,[12, 25]
2015-03-31,5105,[12, 9, 26]
2015-04-01,5290,[12, 25]
2015-04-02,5108,[12, 9]
2015-04-04,8095,[15, 12]
2015-04-05,8095,[15, 12]
2015-04-05,5052,[12, 25, 26]
2015-04-06,5052,[12, 26]
2015-04-06,8095,[15, 12]
2015-04-07,72198,[12, 29, 8]
2015-04-07,5112,[12, 25]
2015-04-08,5112,[12, 25]
2015-04-09,72156,[12, 8]
2015-04-12,70011,[12, 25]
2015-04-13,70011,[12, 25]
2015-04-13,5117,[12, 9]
2015-04-13,5244,[27, 11, 8]
2015-04-14,5244,[27, 11, 29]
2015-04-14,10259,[12, 9]
2015-04-14,10385,[12]
2015-04-14,5117,[12, 8]
2015-04-14,10323,[12, 25, 26, 23]
2015-04-14,10184,[12, 25]
2015-04-14,10608,[12]
2015-04-14,8413,[9, 11]
2015-04-15,8413,[9, 11]
2015-04-15,10608,[12, 11]
2015-04-15,10184,[12, 26]
2015-04-15,10385,[12, 27, 8]
2015-04-15,5012,[12, 25, 26]
2015-04-15,10323,[12, 27, 25]
2015-04-15,70288,[11]
2015-04-15,10259,[12, 9]
2015-04-15,5013,[12, 25, 26]
2015-04-16,5013,[12, 9]
2015-04-16,10184,[12, 26]
2015-04-16,10259,[12, 9]
2015-04-16,10608,[11]
2015-04-16,5012,[12, 9]
2015-04-16,10317,[9, 11]
2015-04-17,10317,[11, 8]
2015-04-17,10259,[12, 9]
2015-04-17,70293,[12, 8]
2015-04-17,10608,[11]
2015-04-17,70152,[12, 25]
2015-04-17,10338,[15, 12, 9]
2015-04-18,10338,[12, 9, 8]
2015-04-18,70152,[12]
2015-04-18,70628,[12, 9]
2015-04-18,10259,[12, 9]
2015-04-18,8321,[12, 9]
2015-04-19,8321,[12, 9]
2015-04-19,70152,[12, 9]
2015-04-19,5055,[12, 9]
2015-04-19,70628,[12, 9, 25, 26]
2015-04-19,70566,[12]
2015-04-20,70566,[12]
2015-04-20,5001,[27, 11]
2015-04-20,70152,[12, 9]
2015-04-21,70566,[12]
2015-04-21,5001,[27, 11]
2015-04-21,6491,[12, 9, 25, 26]
2015-04-21,8375,[12, 11]
2015-04-21,70066,[12, 9, 27, 8]
2015-04-21,70271,[12]
2015-04-22,70271,[12]
2015-04-22,70066,[12, 8]
2015-04-22,8281,[12, 25]
2015-04-22,8375,[12, 11]
2015-04-22,7076,[12, 9]
2015-04-22,6491,[12, 9, 27]
2015-04-23,7076,[12, 9, 27]
2015-04-23,70066,[12, 8]
2015-04-23,8281,[12, 29]
2015-04-23,70271,[12, 9]
2015-04-23,70067,[12, 9]
2015-04-24,70067,[12, 8]
2015-04-24,10505,[12, 9]
2015-04-24,6296,[11, 8]
2015-04-25,6296,[9, 11, 8]
2015-04-25,70270,[15, 12, 25]
2015-04-25,8374,[12, 9]
2015-04-25,10451,[12, 11, 26]
2015-04-26,10451,[12, 11]
2015-04-26,8374,[12, 9]
2015-04-26,70270,[12]
2015-04-26,3012,[12, 26]
2015-04-26,3637,[12, 9]
2015-04-26,10505,[12, 8]
2015-04-26,6296,[11, 8]
2015-04-26,8300,[12, 9]
2015-04-26,3068,[12, 23]
2015-04-27,8300,[12, 9]
2015-04-27,10505,[12, 8]
2015-04-27,3012,[12]
2015-04-27,70270,[12, 8]
2015-04-27,3004,[12, 9]
2015-04-27,3637,[12, 9]
2015-04-27,6523,[12, 9, 25, 26]
2015-04-27,10451,[12]
2015-04-28,10451,[12]
2015-04-28,6523,[12, 9]
2015-04-28,6020,[9, 27, 11]
2015-04-28,5469,[12]
2015-04-28,3083,[25, 11, 26]
2015-04-28,3637,[12, 2]
2015-04-28,5026,[12, 9]
2015-04-28,10615,[12, 48]
2015-04-28,3068,[48, 27, 11]
2015-04-28,10022,[11]
2015-04-28,8299,[12, 9]
2015-04-28,6349,[12, 9, 27, 8]
2015-04-29,10022,[12, 11]
2015-04-29,3637,[12, 2]
2015-04-29,3083,[11, 29]
2015-04-29,3017,[12, 9]
2015-04-29,6020,[9, 27, 11]
2015-04-29,3086,[15, 12, 25, 11]
2015-04-29,8374,[12, 9]
2015-04-30,3637,[12, 2]
2015-04-30,10022,[9, 11]
2015-04-30,3086,[12, 11]
2015-04-30,3083,[12, 9, 27, 29]
2015-04-30,3017,[12, 9]
2015-04-30,6323,[12, 9, 27, 8]
2015-04-30,3087,[12, 25]
2015-05-01,3017,[12, 9]
2015-05-01,70363,[12, 11]
2015-05-01,6323,[12, 27, 8]
2015-05-01,3086,[12, 11]
2015-05-01,3637,[12, 2]
2015-05-01,6331,[12, 9, 27, 8]
2015-05-02,6331,[12, 8]
2015-05-02,70363,[12, 11]
2015-05-02,3086,[12, 27, 11, 8]
2015-05-02,3017,[12, 9, 27]
2015-05-02,3155,[12, 9]
2015-05-02,10030,[12, 9]
2015-05-02,10511,[12, 9, 25, 26]
2015-05-03,10511,[12, 9]
2015-05-03,3028,[12, 9, 25]
2015-05-03,3155,[12, 9, 27]
2015-05-03,3029,[25, 11]
2015-05-03,3150,[12]
2015-05-03,70363,[12, 11]
2015-05-04,70363,[12, 11]
2015-05-04,3150,[12]
2015-05-04,3201,[27, 11]
2015-05-04,3028,[12, 9, 27]
2015-05-04,70514,[12, 9]
2015-05-04,3291,[12, 9, 25, 26, 23]
2015-05-05,3291,[12, 9, 8]
2015-05-05,3201,[27, 11]
2015-05-05,70382,[12, 9]
2015-05-05,3030,[12, 9, 25, 26]
2015-05-05,70363,[12, 11]
2015-05-05,3150,[12]
2015-05-05,70378,[12, 9]
2015-05-05,3292,[12, 9]
2015-05-06,3292,[12, 9]
2015-05-06,70363,[12, 11]
2015-05-06,70382,[12, 8]
2015-05-06,3150,[12]
2015-05-06,3031,[25, 11, 26]
2015-05-06,3201,[27, 11]
2015-05-06,3036,[12, 27, 25, 26]
2015-05-07,3036,[12, 27, 26]
2015-05-07,3180,[12, 9, 27]
2015-05-07,3035,[12, 26]
2015-05-07,3596,[12, 9]
2015-05-07,3031,[12, 9, 11]
2015-05-07,3597,[12, 9, 27, 8]
2015-05-07,3630,[11, 8]
2015-05-07,70362,[12, 8]
2015-05-07,3150,[12]
2015-05-07,3221,[27, 11, 8, 26]
2015-05-08,3150,[12]
2015-05-08,3036,[12, 9, 27, 26]
2015-05-08,3218,[25, 11, 23]
2015-05-08,3199,[12, 8]
2015-05-08,3031,[12, 9]
2015-05-08,3035,[12, 27, 8, 26]
2015-05-08,10686,[12, 9, 27]
2015-05-08,3293,[11, 26]
2015-05-09,3293,[9, 11]
2015-05-09,3199,[12, 27, 8]
2015-05-09,3218,[9, 27, 11]
2015-05-09,3150,[12, 9]
2015-05-10,10032,[12, 9]
2015-05-11,10033,[12, 25, 8, 26]
2015-05-12,10033,[9, 11, 8]
2015-05-12,3045,[12, 9]
2015-05-12,3365,[9, 11]
2015-05-13,3365,[11]
2015-05-13,3045,[12, 9]
2015-05-13,70540,[11, 26]
2015-05-13,3042,[9, 11, 8]
2015-05-13,70427,[12, 9]
2015-05-14,3365,[11]
2015-05-14,3383,[11, 8]
2015-05-14,3366,[12, 9]
2015-05-14,3310,[11]
2015-05-15,3310,[11]
2015-05-15,3383,[11]
2015-05-15,70436,[12, 9]
2015-05-15,3365,[11]
2015-05-15,3230,[12, 9]
2015-05-15,10034,[12, 9, 25, 26]
2015-05-16,10034,[12, 9, 29]
2015-05-16,3230,[12, 11]
2015-05-16,3365,[12, 11]
2015-05-16,3383,[11, 8]
2015-05-16,3310,[11, 8]
2015-05-16,70621,[12]
2015-05-17,10034,[12, 9, 8]
2015-05-17,3230,[12, 11]
2015-05-17,10037,[12, 9, 27, 26]
2015-05-18,10037,[12, 9, 27, 8]
2015-05-18,3258,[12, 25]
2015-05-18,3230,[12, 11]
2015-05-18,70466,[12, 9, 27]
2015-05-19,70499,[12, 9, 8]
2015-05-19,3258,[12, 11, 26]
2015-05-20,3405,[12, 9]
2015-05-21,3405,[12, 11]
2015-05-22,3405,[12, 11]
2015-05-23,3405,[12, 11]
2015-05-24,3405,[12, 11]
2015-05-25,3405,[11]
2015-05-26,3405,[11]
2015-05-27,3403,[11]
2015-05-27,3821,[12, 9, 26]
2015-05-28,3821,[12, 9]
2015-05-28,3403,[11]
2015-05-28,3445,[12, 11]
2015-05-29,3445,[12, 9, 27, 11]
2015-05-29,3821,[12, 9, 11]
2015-05-29,3403,[11]
2015-06-04,3616,[12, 34]
2015-06-04,3812,[11]
2015-06-05,3616,[12, 34]
2015-06-06,3616,[12, 34]
2015-06-10,3814,[12, 9, 11, 8, 26]
2015-06-11,3814,[12, 11]
2015-11-29,72130,[12, 16]
2015-11-30,72130,[12, 16]
2015-12-01,72130,[12, 2]
2015-12-02,72130,[15, 12]
2015-12-03,72130,[12, 16]
2015-12-04,72130,[12, 16]
2015-12-05,72130,[12, 16]
2015-12-06,72130,[12, 2]
2015-12-07,72130,[12, 9]
2015-12-08,72130,[12]
2015-12-08,70614,[12, 25]
2015-12-09,70614,[12, 25]
2015-12-09,72130,[11]
2015-12-10,72130,[11]
2015-12-10,70614,[12, 26]
2015-12-10,70293,[12, 25]
2015-12-11,70293,[12, 8]
2015-12-11,72130,[11]
2015-12-12,72130,[12, 11]
2015-12-13,72130,[12]
2015-12-14,72130,[12]
2015-12-15,72130,[12, 2]
2015-12-16,72130,[12, 2]
2015-12-17,72130,[12, 16]
2015-12-18,72130,[12, 16, 42]
2015-12-18,70619,[12, 9, 8]
2015-12-19,70619,[12, 9]
2015-12-20,70619,[12, 9]
2015-12-21,70619,[12, 9]
2015-12-22,70619,[12, 8]
2015-12-23,70098,[12, 8]
2015-12-24,70098,[12, 8]
2015-12-25,70098,[15, 12]
2015-12-26,70098,[15, 12]
2015-12-26,70619,[12, 8]
2015-12-27,70619,[12, 8]
2015-12-27,70098,[12, 25]
2015-12-28,70098,[15, 12]
2015-12-28,70619,[12, 9, 8]
2015-12-29,70619,[12, 9]
2015-12-29,70098,[12, 27, 46]
2015-12-30,70098,[12, 27, 46]
2015-12-30,70619,[12, 9]
2015-12-31,70619,[12, 9]
2015-12-31,70098,[12, 27, 46]
2016-01-01,70098,[12, 46]
2016-01-01,70619,[12, 9]
2016-01-02,70619,[15, 12]
2016-01-02,70098,[12, 46]
2016-01-03,70098,[12, 46]
2016-01-03,83460,[12, 2]
2016-01-03,70619,[15, 12]
2016-01-04,70619,[15, 12]
2016-01-04,70098,[12, 46]
2016-01-05,70098,[12, 46]
2016-01-05,70619,[15, 12]
2016-01-06,70619,[15, 12]
2016-01-06,70098,[12, 46]
2016-01-07,70098,[12, 46]
2016-01-07,70619,[15, 12]
2016-01-08,70619,[15, 12]
2016-01-08,70098,[12, 46]
2016-01-09,70098,[12, 46]
2016-01-09,70619,[15, 12]
2016-01-10,70619,[12, 16]
2016-01-10,70098,[12, 46]
2016-01-11,70098,[12, 46]
2016-01-11,70619,[12, 16]
2016-01-12,70619,[12, 16]
2016-01-13,70619,[12, 16]
2016-01-14,70619,[12, 16]
2016-01-15,70619,[12, 16]
2016-01-27,83481,[2, 11]
2016-01-27,84315,[12, 2]
2016-01-28,84315,[12, 2]
2016-01-28,83460,[12, 7]
2016-01-29,84315,[12, 16]
2016-01-30,84315,[12, 16]
2016-01-31,84315,[12, 16]
2016-02-01,84315,[12, 16]
2016-02-02,84315,[12, 16]
2016-03-19,72481,[12, 2]
2016-03-19,5290,[15, 12, 16]
2016-03-20,5290,[15, 12]
2016-03-21,5290,[15, 12]
2016-03-22,5290,[15, 12]
2016-03-23,5290,[15, 12]
2016-03-24,5290,[15, 12]
2016-03-25,5290,[15, 12]
2016-03-31,72130,[12, 16]
2016-03-31,10134,[12, 27]
2016-03-31,5208,[12, 16]
2016-04-01,5208,[12, 11]
2016-04-01,10134,[12, 8]
2016-04-01,10277,[12, 9]
2016-04-02,10277,[12, 9]
2016-04-02,5208,[12, 25, 29]
2016-04-03,10277,[12, 9]
2016-04-04,72198,[12, 2, 8]
2016-04-04,5112,[12, 25]
2016-04-05,5112,[12, 25]
2016-04-05,72198,[12, 8]
2016-04-06,72198,[12, 8]
2016-04-06,5112,[12, 8]
2016-04-06,10252,[12, 9, 25, 11, 26]
2016-04-06,10251,[12, 9]
2016-04-08,10324,[15, 12, 9, 23]
2016-04-08,10177,[12, 9, 8]
2016-04-08,10254,[12, 9]
2016-04-09,10254,[12, 9]
2016-04-09,70275,[12, 25]
2016-04-09,72113,[15, 12]
2016-04-10,70275,[12, 9]
2016-04-10,72130,[15, 12, 24]
2016-04-11,72130,[15, 12]
2016-04-12,70598,[12]
2016-04-12,72130,[15, 12]
2016-04-12,10379,[12, 9, 8]
2016-04-12,10325,[12, 9, 25, 26]
2016-04-13,10325,[12, 25]
2016-04-13,10379,[12, 8]
2016-04-13,70094,[12, 25, 23]
2016-04-13,72130,[15, 12]
2016-04-13,70293,[12, 25]
2016-04-13,70270,[15, 12, 16, 25]
2016-04-14,70270,[12]
2016-04-14,70293,[12, 9]
2016-04-14,72130,[12, 2, 11]
2016-04-14,70094,[12, 9]
2016-04-14,10325,[12, 25, 8]
2016-04-14,70098,[12, 9, 16, 23]
2016-04-14,70627,[12, 9, 25]
2016-04-15,70627,[12, 9, 8]
2016-04-15,70098,[12, 9, 8]
2016-04-15,10325,[12, 8]
2016-04-15,70293,[12, 9]
2016-04-15,70270,[12]
2016-04-15,70156,[12]
2016-04-15,70101,[12, 16, 25]
2016-04-15,72130,[2, 11]
2016-04-15,70628,[12, 25]
2016-04-15,70214,[25, 11]
2016-04-15,70147,[15, 12]
2016-04-16,70214,[11]
2016-04-16,70628,[12, 26]
2016-04-16,72130,[2, 11]
2016-04-16,70101,[12, 25]
2016-04-16,70270,[12]
2016-04-17,70270,[12]
2016-04-17,70101,[12, 25]
2016-04-17,70628,[12, 26]
2016-04-17,70165,[12, 9]
2016-04-17,70214,[9, 11]
2016-04-18,70559,[12, 25, 26]
2016-04-18,70165,[12, 9]
2016-04-18,70101,[12, 25]
2016-04-18,70628,[12, 26]
2016-04-18,70270,[12]
2016-04-18,70617,[12, 25, 26]
2016-04-19,70617,[12, 8]
2016-04-19,70559,[12, 9]
2016-04-19,70628,[12, 9]
2016-04-19,8413,[15, 11, 23]
2016-04-19,70408,[15, 12]
2016-04-19,70101,[12, 9, 8]
2016-04-19,70165,[12, 9]
2016-04-19,70414,[12, 9]
2016-04-20,70414,[12, 9, 8]
2016-04-20,70395,[12, 9]
2016-04-20,70631,[12, 9, 8]
2016-04-20,70628,[12, 8]
2016-04-20,70069,[12, 9, 25, 23]
2016-04-20,70212,[12, 8]
2016-04-20,70238,[12, 9]
2016-04-20,70570,[12, 9, 25, 26]
2016-04-20,70410,[12, 9, 8]
2016-04-20,70374,[12, 23]
2016-04-20,70331,[12, 9, 27]
2016-04-20,70209,[12, 9]
2016-04-20,70408,[12, 8]
2016-04-20,10511,[12, 25, 26]
2016-04-21,10511,[12, 8]
2016-04-21,70444,[12, 25]
2016-04-21,10505,[12, 9]
2016-04-21,70408,[12, 9, 8]
2016-04-21,70631,[12, 9]
2016-04-21,70410,[12, 9, 8]
2016-04-21,70570,[12, 9]
2016-04-21,70209,[12, 9]
2016-04-21,70374,[12, 23]
2016-04-21,70329,[11, 8]
2016-04-22,8307,[12, 2]
2016-04-22,70395,[12, 9]
2016-04-22,70374,[12, 23]
2016-04-22,10505,[12, 9]
2016-04-22,70209,[12, 29, 8]
2016-04-22,10501,[15, 12, 48]
2016-04-22,8375,[12, 25]
2016-04-23,8375,[12]
2016-04-23,10501,[12, 25, 26]
2016-04-23,10505,[12, 9]
2016-04-23,70374,[12, 23]
2016-04-24,70374,[12, 9, 23]
2016-04-24,70378,[12, 9]
2016-04-24,10505,[12, 9]
2016-04-24,8313,[11, 8]
2016-04-24,70533,[12, 25, 23]
2016-04-24,70531,[12, 25]
2016-04-24,6373,[12, 8]
2016-04-24,70334,[12, 9]
2016-04-25,70334,[12, 9, 27]
2016-04-25,70531,[12, 9, 25]
2016-04-25,70486,[12]
2016-04-25,70533,[12, 9, 25]
2016-04-25,6373,[12, 8]
2016-04-25,70384,[12, 9, 27]
2016-04-25,8281,[25, 11]
2016-04-25,8313,[9, 11, 8]
2016-04-25,70374,[12, 8]
2016-04-25,70844,[12, 9]
2016-04-25,8375,[11]
2016-04-26,8375,[9, 11]
2016-04-26,8374,[12, 9]
2016-04-26,70533,[12, 8]
2016-04-26,6523,[12, 9, 26]
2016-04-26,70531,[12, 9]
2016-04-26,8281,[12, 11]
2016-04-26,70384,[12, 9, 27, 8]
2016-04-26,6373,[12, 9, 8]
2016-04-27,6345,[12, 9]
2016-04-27,70384,[12, 27, 8]
2016-04-27,8374,[12, 9, 27]
2016-04-27,8281,[12, 11]
2016-04-27,6523,[12, 9, 8]
2016-04-27,70531,[12, 8]
2016-04-28,8281,[12]
2016-04-28,6523,[12, 9, 27, 8]
2016-04-28,10032,[12, 9, 27]
2016-04-29,10032,[12, 9, 27]
2016-04-29,8281,[12]
2016-04-29,8289,[9, 11, 8]
2016-04-29,6005,[12, 9, 27, 25, 26]
2016-04-29,70540,[12, 25, 26, 23]
2016-04-29,10030,[12, 8]
2016-04-29,3014,[25, 11]
2016-04-30,70540,[12, 26]
2016-04-30,6005,[12, 9, 27]
2016-04-30,6323,[12, 9, 27, 8]
2016-04-30,3074,[12]
2016-05-01,3074,[12, 27, 8]
2016-05-01,70486,[11]
2016-05-01,8326,[15, 11]
2016-05-01,70540,[12, 26]
2016-05-01,6331,[12, 9, 25, 26]
2016-05-02,6331,[9, 27, 11]
2016-05-02,70540,[12, 26]
2016-05-02,8326,[15, 11]
2016-05-02,70436,[12, 9, 25, 26]
2016-05-02,6364,[27, 11, 8]
2016-05-03,6364,[27, 11]
2016-05-03,70436,[12, 9]
2016-05-03,8326,[15, 11]
2016-05-03,70540,[12, 26]
2016-05-03,3155,[12, 9]
2016-05-03,6302,[12, 9, 27]
2016-05-04,6302,[12, 9, 27]
2016-05-04,3155,[12, 9]
2016-05-04,8326,[15, 11]
2016-05-04,70436,[12, 9]
2016-05-05,70436,[12, 9, 25, 8]
2016-05-05,8326,[15, 11]
2016-05-05,3155,[12, 27, 8]
2016-05-05,6302,[12, 9, 27, 8]
2016-05-06,8288,[11, 26]
2016-05-07,3293,[9, 11]
2016-05-08,3293,[9, 11]
2016-05-08,70827,[12, 9, 26]
2016-05-08,3157,[11, 26]
2016-05-08,3027,[12, 9, 27]
2016-05-08,3630,[9, 27, 11]
2016-05-09,3106,[12, 9, 25]
2016-05-10,3157,[11, 8]
2016-05-10,10034,[12, 9, 29, 8]
2016-05-11,3157,[11, 8]
2016-05-12,3157,[11, 8]
2016-05-12,3030,[12, 26]
2016-05-13,3030,[12, 26]
2016-05-13,3157,[11]
2016-05-14,3030,[12, 9]
2016-05-14,3325,[11, 26]
2016-05-15,3325,[11, 26]
2016-05-16,3325,[11, 26]
2016-05-16,3229,[11, 8]
2016-05-17,3229,[11, 8]
2016-05-17,3319,[11, 8]
2016-05-19,3443,[12, 25, 23]
2016-05-19,3341,[27, 11, 8]
2016-05-20,3443,[12, 9, 25]
2016-05-23,3445,[12, 25, 11]
2016-05-24,3445,[12, 11]
2016-05-25,3445,[12, 11, 8]
2016-05-29,3821,[12, 9, 11]
2016-05-30,3821,[12, 9, 11]
2016-05-31,3821,[12, 9, 11]
2016-06-02,3616,[12, 9, 25, 26]
2016-06-02,3811,[12, 9, 16, 47, 23]
2016-06-03,3811,[12, 9]
2016-06-03,3812,[12, 9, 8]
2016-06-03,3616,[12, 9, 11]
2016-06-04,3616,[12, 9, 8]
2016-06-04,3811,[12, 9]
2016-06-04,3812,[12, 9]
2016-06-05,3812,[12, 9, 8]
2016-06-05,3616,[12, 9, 8]
2016-06-05,3811,[12, 9, 8]
2016-06-05,3814,[12, 9, 25, 11, 26]
2016-06-06,3814,[12, 11]
2016-06-06,3812,[12, 8]
2016-06-06,3811,[12, 8]
2016-06-06,3616,[12, 8]
2016-06-07,3616,[12]
2016-06-07,3814,[12, 11]
2016-06-07,3811,[12, 8]
2016-06-07,3812,[12, 8]
2016-06-08,3812,[12, 8]
2016-06-08,3616,[12]
2016-06-08,3811,[12, 8]
2016-06-08,3814,[12, 11]
2016-06-09,3814,[12, 11]
2016-06-09,3812,[12, 29]
2016-06-09,3811,[12, 29, 8]
2016-06-09,3616,[12]
2016-06-10,3616,[12]
2016-06-10,3814,[12, 9, 11, 8]
2016-06-11,3616,[12]
2016-06-12,3616,[12]
2016-06-12,3816,[12, 9, 25, 26, 23]
2016-06-13,3816,[12, 9, 27, 11]
2016-10-23,3669,[12, 16]
2016-10-24,3669,[12, 16]
2016-10-24,3106,[12, 5]
2016-10-25,8109,[5, 11]
2016-10-26,8109,[5, 11]
2016-10-26,10505,[12, 16, 2]
2016-10-27,8109,[5, 11]
2016-10-28,8109,[5, 11]
2016-10-28,8410,[12, 5]
2016-10-29,8410,[15, 12]
2016-10-29,8109,[12, 16]
2016-10-30,8410,[15, 12]
2016-10-31,8410,[15, 12]
2016-11-02,10509,[15, 12, 16]
2016-11-03,10509,[12, 16]
2016-11-03,10031,[9, 2, 11]
2016-11-03,10277,[12, 9]
2016-11-04,10031,[9, 11]
2016-11-17,8095,[15, 12]
2016-11-18,8095,[15, 12]
2016-11-19,8095,[15, 12]
2016-11-20,8095,[15, 12]
2016-11-20,72739,[15, 11, 8]
2016-11-20,72130,[15, 12]
2016-11-20,72577,[12, 25, 26]
2016-11-21,72577,[12, 25, 8, 26]
2016-11-21,8095,[15, 12]
2016-11-21,72130,[12, 9, 16]
2016-11-22,72130,[12, 27]
2016-11-22,72155,[12, 9, 2]
2016-11-22,8095,[15, 12]
2016-11-23,8095,[15, 12]
2016-11-23,72130,[12, 27]
2016-11-23,72155,[12, 2, 8]
2016-11-24,72155,[12, 2, 7]
2016-11-24,8095,[15, 12]
2016-11-24,72130,[12, 27]
2016-11-25,72130,[12, 27]
2016-11-25,72155,[12, 2, 4]
2016-11-26,72130,[12, 27]
2016-11-27,72130,[12, 16]
2016-11-28,72130,[12, 16]
2016-11-29,72130,[12, 16]
2016-11-30,72130,[12, 16]
2016-12-01,72130,[12, 16]
2016-12-02,72130,[12, 16]
2016-12-03,72130,[12, 16, 42, 14]
2016-12-09,84315,[12, 2]
2016-12-10,84315,[12, 2]
2016-12-11,84315,[12, 2]
2016-12-12,84315,[12, 2]
2016-12-13,84315,[12, 2]
2016-12-14,84315,[12, 2]
2016-12-15,84315,[12, 2]
2016-12-16,84315,[12, 2]
2016-12-17,84315,[12, 5, 2]
2016-12-18,84315,[12, 16]
2016-12-19,84315,[12, 16]
2016-12-20,84315,[12, 16]
2016-12-21,84315,[12, 16]
2016-12-22,84315,[12, 16]
2016-12-23,84315,[12, 16]
2016-12-24,84315,[12, 16]
2016-12-25,84315,[12, 16]
2016-12-26,84315,[12, 16]
2016-12-26,83266,[12, 2, 47]
2016-12-27,83266,[12, 2]
2016-12-27,84315,[12, 16]
2016-12-28,84315,[12, 16]
2016-12-28,83266,[12, 2]
2016-12-29,83266,[12, 2]
2016-12-29,84315,[12, 16]
2016-12-30,84315,[12, 16]
2016-12-30,83266,[12, 2]
2016-12-31,83266,[12, 2]
2016-12-31,84315,[12, 16]
2017-01-22,7174,[15, 12]
2017-01-23,7174,[15, 12]
2017-01-24,7174,[15, 12]
2017-01-25,7174,[15, 12]
2017-01-26,7174,[15, 12]
2017-01-27,7174,[15, 12]
2017-01-27,72559,[12, 9, 2, 8]
2017-01-28,72559,[12, 2, 8]
2017-01-29,84400,[2, 11]
2017-01-30,84400,[12, 2]
2017-01-30,83460,[15, 12]
2017-01-31,83460,[15, 12]
2017-01-31,84400,[12, 2]
2017-02-01,83460,[15, 12]
2017-02-02,83460,[15, 12]
2017-02-02,83266,[5, 2, 11]
2017-02-05,83266,[12, 2]
2017-02-08,83288,[2, 11]
2017-02-09,83288,[2, 11]
2017-02-20,83266,[12, 2]
2017-03-12,84451,[12, 29]
2017-03-16,72481,[12, 25, 26]
2017-03-17,72481,[12, 26]
2017-03-18,72481,[12, 26]
2017-03-19,72481,[12, 27, 26]
2017-03-19,72478,[12, 25, 26]
2017-03-19,72459,[12, 25, 26]
2017-03-20,72459,[12, 26]
2017-03-20,72478,[12, 26]
2017-03-21,72478,[12, 26]
2017-03-21,72459,[12, 26]
2017-03-22,72459,[12, 9, 27, 26]
2017-03-22,72478,[12, 26]
2017-03-22,72577,[12, 25, 26]
2017-03-23,72577,[12, 2, 25, 8]
2017-03-23,5216,[12]
2017-03-23,72478,[12, 9, 27]
2017-03-24,72478,[12, 9, 27]
2017-03-24,72577,[12, 2]
2017-03-24,5216,[12]
2017-03-25,5216,[12]
2017-03-25,72198,[12, 26]
2017-03-25,72577,[12, 2]
2017-03-26,72577,[12, 2]
2017-03-28,72192,[12, 25]
2017-03-29,72192,[12, 2, 8]
2017-03-30,72192,[12, 2]
2017-03-30,5208,[12, 25]
2017-03-31,5208,[12, 25, 29]
2017-03-31,10120,[12, 9, 2]
2017-03-31,72192,[12, 2]
2017-04-01,10122,[12, 25]
2017-04-01,5208,[12, 2, 29]
2017-04-01,10137,[12, 9]
2017-04-02,10122,[12, 9]
2017-04-03,10122,[12, 9]
2017-04-03,72281,[15, 12, 23]
2017-04-04,72281,[12, 9, 27, 8]
2017-04-04,5112,[12, 25]
2017-04-04,10122,[12, 9]
2017-04-05,10122,[12, 8]
2017-04-05,7043,[12, 9]
2017-04-05,5112,[12, 8]
2017-04-06,72281,[12, 9, 27, 8]
2017-04-07,72281,[12, 27, 8]
2017-04-08,72281,[12, 8]
2017-04-09,72281,[12, 8]
2017-04-09,72144,[12, 25, 26]
2017-04-10,72156,[9, 11]
2017-04-11,72156,[11, 8]
2017-04-11,7047,[12, 9]
2017-04-11,5009,[12, 9, 27]
2017-04-11,70614,[12, 25]
2017-04-12,70614,[12, 9]
2017-04-15,8321,[25, 11]
2017-04-15,10233,[12, 9]
2017-04-16,10325,[12, 29, 8]
2017-04-16,8321,[12, 11]
2017-04-16,7051,[12, 25, 26]
2017-04-17,7051,[12, 9]
2017-04-17,8321,[12, 9]
2017-04-17,10325,[12, 9, 8]
2017-04-18,8321,[12, 8]
2017-04-19,8249,[25, 11]
2017-04-20,8249,[12, 11]
2017-04-20,8334,[12, 25, 26]
2017-04-21,8334,[12, 25, 26]
2017-04-21,8249,[12, 11]
2017-04-22,70281,[12, 25]
2017-04-23,70281,[12, 29, 26]
2017-04-24,8375,[12, 25]
2017-04-24,8313,[12, 9, 25, 26]
2017-04-24,6003,[9, 27, 11, 8]
2017-04-25,6003,[27, 11, 8]
2017-04-25,8375,[12, 9]
2017-04-25,8313,[12, 9, 27]
2017-04-25,70293,[12, 26]
2017-04-26,70293,[12, 9]
2017-04-26,6005,[12, 9, 25]
2017-04-26,6003,[27, 11, 8]
2017-04-26,8281,[11]
2017-04-27,8281,[12, 11]
2017-04-27,70293,[12, 9]
2017-04-27,6003,[27, 11, 8]
2017-04-27,6005,[12, 9, 27, 8]
2017-04-28,8281,[12]
2017-04-28,6003,[12, 9, 27, 11, 8]
2017-04-28,70069,[11, 26]
2017-04-29,70069,[9, 11, 26]
2017-04-29,70214,[12, 25]
2017-04-29,6523,[9, 11, 8]
2017-04-29,5733,[12, 25]
2017-04-30,5733,[12, 9, 27, 25]
2017-04-30,70214,[12, 8]
2017-04-30,70180,[12, 9]
2017-04-30,3155,[12, 25]
2017-05-01,3155,[12, 9, 27, 8]
2017-05-01,70180,[12, 9]
2017-05-01,70211,[11, 26]
2017-05-01,8326,[15, 11]
2017-05-01,10507,[11]
2017-05-02,10507,[11]
2017-05-02,8326,[15, 11]
2017-05-02,70211,[9, 25, 11]
2017-05-02,70801,[12, 9]
2017-05-03,70801,[12, 8]
2017-05-03,10507,[9, 11]
2017-05-03,8326,[15, 11]
2017-05-03,10493,[11, 8]
2017-05-03,70394,[12, 9]
2017-05-03,5467,[27, 11, 8]
2017-05-04,5467,[27, 11, 8]
2017-05-04,10493,[11, 8]
2017-05-04,5364,[12, 9, 25, 26]
2017-05-04,3027,[15, 12, 9, 25, 26]
2017-05-04,8326,[15, 11]
2017-05-05,70512,[25, 11, 26]
2017-05-05,3027,[12, 9, 11]
2017-05-05,10493,[11, 8]
2017-05-05,6299,[12, 9, 27, 8]
2017-05-05,5467,[27, 11, 8]
2017-05-05,10030,[12, 8]
2017-05-05,5453,[15, 12, 25, 23]
2017-05-06,5453,[12, 9, 27, 25]
2017-05-06,10683,[12]
2017-05-06,3027,[12, 9, 11, 8]
2017-05-06,3028,[11, 26]
2017-05-07,3028,[11, 26]
2017-05-07,3027,[12, 11]
2017-05-07,3334,[11]
2017-05-08,3334,[11]
2017-05-08,3027,[12, 9]
2017-05-08,3028,[11, 26]
2017-05-08,70382,[12, 25]
2017-05-08,3159,[12, 25]
2017-05-09,70382,[12, 9]
2017-05-09,10033,[12, 8]
2017-05-09,70336,[12, 9]
2017-05-09,3334,[11]
2017-05-09,3150,[12]
2017-05-10,3150,[12]
2017-05-10,6331,[12, 9, 25, 26]
2017-05-10,70336,[12, 9, 8]
2017-05-10,3239,[25, 11, 26]
2017-05-11,3239,[9, 25, 11]
2017-05-11,3150,[12]
2017-05-11,70336,[12, 8]
2017-05-12,3150,[12]
2017-05-12,3239,[9, 11, 8]
2017-05-12,3627,[12, 8]
2017-05-13,3627,[12, 8]
2017-05-13,3150,[12]
2017-05-13,70844,[12, 9, 8]
2017-05-14,70844,[12, 25]
2017-05-14,3150,[12]
2017-05-14,10033,[6, 11, 8]
2017-05-14,3038,[9, 27, 11, 26]
2017-05-14,3037,[12, 9, 27, 11, 8]
2017-05-14,3199,[12, 9]
2017-05-15,3199,[12, 9]
2017-05-15,3150,[12]
2017-05-15,70844,[12, 8]
2017-05-15,3555,[12, 9]
2017-05-15,3031,[9, 27, 11, 8]
2017-05-15,3030,[12, 9, 8]
2017-05-16,3030,[12, 8]
2017-05-16,3555,[12, 9]
2017-05-16,3150,[12, 9]
2017-05-16,3199,[12, 9]
2017-05-17,3199,[12, 8]
2017-05-17,70847,[12, 9, 26]
2017-05-17,3555,[12, 9]
2017-05-18,3555,[12, 8]
2017-05-18,70847,[12, 9]
2017-05-18,70361,[11, 26]
2017-05-19,70361,[11, 26]
2017-05-19,3230,[12, 9, 11, 26]
2017-05-20,3230,[12, 11]
2017-05-21,3230,[12, 11]
2017-05-21,3420,[12, 25]
2017-05-22,3420,[12]
2017-05-22,3230,[12, 9, 11]
2017-05-23,3420,[12]
2017-05-24,3420,[12]
2017-05-25,3443,[12, 9, 25]
2017-05-26,3296,[12, 9, 26]
2017-05-27,3296,[12, 9, 8]
2017-05-27,70399,[12, 11]
2017-05-28,70399,[12, 9, 11]
2017-05-28,3483,[12, 9, 26]
2017-05-29,70399,[12, 9, 8]
2017-05-29,3861,[12, 9]
2017-05-30,3861,[12, 9, 27]
2017-05-30,3821,[12, 9, 25, 11, 26]
2017-05-31,3821,[12, 9]
2017-06-01,3821,[12, 9, 11]
2017-06-02,3821,[12, 9, 11]
2017-06-04,70486,[12, 25]
2017-06-04,70827,[12, 9]
2017-06-05,70486,[12, 25]
2017-06-05,70466,[12, 25]
2017-06-05,3825,[12, 9, 11]
2017-06-06,3825,[12, 11]
2017-06-06,70466,[12, 9]
2017-06-06,70486,[12, 9]
2017-06-07,3825,[12, 11]
2017-06-07,3616,[12, 9, 16, 47, 23]
2017-06-08,3616,[12, 9]
2017-06-08,3825,[12, 9, 11]
2017-06-08,3811,[12, 9]
2017-06-08,3812,[12]
2017-06-08,3809,[12]
2017-06-09,3809,[12]
2017-06-09,3812,[12, 9]
2017-06-09,3811,[12, 9]
2017-06-09,3616,[12, 11]
2017-06-10,3616,[12, 11]
2017-06-10,3811,[12, 9]
2017-06-10,3812,[12, 9, 8]
2017-06-10,3809,[12, 8]
2017-06-11,3809,[12, 8]
2017-06-11,3812,[12, 8]
2017-06-11,3811,[12, 9]
2017-06-11,3616,[12, 11]
2017-06-12,3616,[12, 9]
2017-06-12,3814,[12, 9, 25, 23]
2017-06-12,3811,[12, 9, 8]
2017-06-12,3812,[12, 8]
2017-06-12,3809,[12, 8]
2017-06-13,3809,[12, 8]
2017-06-13,3616,[12, 9, 8]
2017-06-13,3812,[12, 8]
2017-06-13,3811,[12, 9, 8]
2017-06-13,3814,[12, 9, 11]
2017-06-14,3814,[12, 9, 8]
2017-06-14,3809,[12, 8]
2017-06-14,3811,[12, 8]
2017-06-14,3812,[12, 8]
2017-06-14,3616,[12, 8]
2017-06-15,3616,[12, 8]
2017-06-15,3812,[12, 8]
2017-06-15,3811,[12, 8]
2017-06-16,3811,[12, 29, 8]
2017-06-16,3812,[12, 8]
2017-06-16,3616,[12, 30, 29, 8]
2017-11-01,3669,[12, 16, 5, 2]
2017-11-01,10461,[15, 11]
2017-11-02,3669,[12, 16]
2017-11-03,3669,[12, 16]
2017-11-10,8326,[12, 2, 4, 11]
2017-11-11,8326,[12, 2, 4, 11]
2017-11-12,8326,[12, 2, 4, 11]
2017-11-13,10571,[15, 12]
2017-11-18,10032,[9, 2, 11]
2017-11-20,5004,[15, 46, 11]
2017-11-21,5004,[15, 46, 11]
2017-12-28,72281,[12, 9, 2]
2017-12-29,72281,[12, 9, 2]
2018-01-17,84400,[12, 2]
2018-03-22,10138,[12, 16, 25]
2018-03-23,10120,[12, 25]
2018-03-24,10120,[12, 9]
2018-03-24,10117,[12, 24, 25]
2018-03-24,10137,[12, 11]
2018-03-25,10137,[12, 11]
2018-03-25,10117,[12, 25]
2018-03-25,10122,[12, 9]
2018-03-25,10120,[12, 9]
2018-03-25,10112,[12, 8]
2018-03-26,10112,[12, 8]
2018-03-26,10120,[12, 9]
2018-03-26,10122,[12, 9]
2018-03-26,10117,[12, 9]
2018-03-26,5659,[12, 27]
2018-03-26,10108,[12, 2]
2018-03-26,10132,[12, 9]
2018-03-27,10132,[12, 11]
2018-03-27,5597,[15, 12, 47]
2018-03-27,10117,[12, 9]
2018-03-27,10122,[12, 8]
2018-03-27,10112,[12, 8]
2018-03-27,10120,[12, 8]
2018-03-27,72569,[12, 16]
2018-03-28,72569,[12, 16]
2018-03-28,10117,[12, 8]
2018-03-28,10112,[12, 8]
2018-03-28,10122,[12, 8]
2018-03-28,5597,[15, 12, 47, 23]
2018-03-28,10279,[12, 9]
2018-03-28,10132,[12, 11]
2018-03-28,10067,[12]
2018-03-28,10111,[12, 9, 8]
2018-03-29,10111,[12, 9, 8]
2018-03-29,72569,[12, 16]
2018-03-29,10067,[12, 8]
2018-03-29,5208,[12, 24]
2018-03-29,10132,[12]
2018-03-29,5160,[12, 2]
2018-03-29,10112,[12, 8]
2018-03-29,10122,[12, 8]
2018-03-29,10117,[12, 8]
2018-03-30,10122,[12, 8]
2018-03-30,72569,[12, 16]
2018-03-30,10134,[12, 9]
2018-03-30,5160,[12, 2]
2018-03-30,10067,[12, 8]
2018-03-30,5296,[15, 12, 2, 24, 8]
2018-03-30,10132,[12]
2018-03-30,5208,[12]
2018-03-30,10111,[12, 8]
2018-03-31,5208,[12, 29]
2018-03-31,10279,[12, 9]
2018-03-31,5296,[12, 2, 8]
2018-03-31,10067,[12, 11]
2018-03-31,10134,[12, 27]
2018-03-31,72569,[12, 16]
2018-04-01,72569,[12, 2]
2018-04-01,10279,[12, 9]
2018-04-01,10067,[12, 9]
2018-04-01,5296,[12, 8]
2018-04-02,72569,[12, 2, 8]
2018-04-02,5108,[12, 8]
2018-04-02,5250,[15, 12, 2]
2018-04-02,10519,[27, 11, 8]
2018-04-03,10519,[27, 11]
2018-04-03,72660,[15, 12]
2018-04-03,5250,[12, 2]
2018-04-03,72569,[12, 2, 8]
2018-04-03,5290,[12, 8]
2018-04-04,5290,[12, 8]
2018-04-04,72569,[12, 2, 8]
2018-04-04,5250,[12, 2, 8]
2018-04-04,10519,[27, 11]
2018-04-04,72660,[15, 12]
2018-04-05,72660,[15, 12]
2018-04-05,10519,[27, 11]
2018-04-05,5250,[12, 2, 8]
2018-04-05,72569,[12, 2, 8]
2018-04-06,10519,[27, 11]
2018-04-06,5311,[12, 9]
2018-04-06,72427,[12, 25, 23]
2018-04-06,72660,[15, 12]
2018-04-06,72559,[12, 9, 25, 8, 26]
2018-04-07,72559,[12, 8]
2018-04-07,72660,[15, 12]
2018-04-07,10519,[27, 11]
2018-04-07,72427,[12, 2]
2018-04-07,5311,[12, 9]
2018-04-07,72130,[12, 24]
2018-04-07,72760,[12, 9]
2018-04-07,5112,[12, 25, 23]
2018-04-08,5112,[12, 9]
2018-04-08,72559,[12, 8]
2018-04-08,72130,[12, 24]
2018-04-08,72603,[12, 26]
2018-04-08,72610,[12, 9, 8]
2018-04-08,72660,[9, 11]
2018-04-08,72519,[12, 8]
2018-04-09,72660,[9, 11]
2018-04-09,72603,[12, 9, 2, 8]
2018-04-09,10713,[12, 9]
2018-04-09,72130,[12, 24]
2018-04-09,72739,[12, 25, 26]
2018-04-10,72739,[12, 26]
2018-04-10,72155,[12, 9, 23]
2018-04-10,72130,[12, 24]
2018-04-10,10567,[12, 9]
2018-04-10,72577,[12, 25, 26]
2018-04-10,10287,[12, 8]
2018-04-11,10287,[12, 8]
2018-04-11,72577,[12, 25, 26]
2018-04-11,72130,[15, 12]
2018-04-11,72739,[12, 26]
2018-04-11,10567,[12]
2018-04-11,72155,[12, 8]
2018-04-11,5244,[2, 11]
2018-04-12,5244,[2, 11]
2018-04-12,72130,[15, 12]
2018-04-12,72155,[12, 8]
2018-04-12,10567,[12]
2018-04-12,72739,[15, 12]
2018-04-13,72739,[15, 12]
2018-04-13,10567,[12]
2018-04-13,72130,[15, 12]
2018-04-13,5244,[2, 11]
2018-04-13,72098,[16, 11]
2018-04-14,72098,[16, 11]
2018-04-14,5244,[2, 11]
2018-04-14,72739,[15, 12, 2, 8]
2018-04-14,72130,[15, 12]
2018-04-14,10177,[12, 9]
2018-04-14,72109,[9, 2, 11]
2018-04-14,10567,[12, 9, 27]
2018-04-15,72130,[15, 12]
2018-04-15,10177,[12, 9]
2018-04-15,10252,[9, 27, 11]
2018-04-15,10251,[12, 9, 27]
2018-04-15,72098,[16, 11]
2018-04-16,10252,[12, 27, 25, 11]
2018-04-16,10251,[12, 27]
2018-04-16,72109,[9, 2, 11]
2018-04-16,72130,[15, 12]
2018-04-17,72130,[15, 12, 25]
2018-04-17,72110,[2, 11, 8]
2018-04-17,72109,[2, 11, 8]
2018-04-17,10252,[12, 27, 28]
2018-04-17,10251,[12, 27]
2018-04-17,10174,[12, 9]
2018-04-17,8321,[12, 9, 25]
2018-04-18,8321,[12, 9]
2018-04-18,72130,[12]
2018-04-18,10251,[12, 27]
2018-04-18,10252,[12, 27, 28]
2018-04-18,72110,[2, 11, 8]
2018-04-19,8321,[12, 8]
2018-04-19,10252,[12, 27, 28]
2018-04-19,10251,[12, 27]
2018-04-19,8241,[12, 25, 26]
2018-04-19,7003,[12, 8]
2018-04-19,72130,[12]
2018-04-20,10251,[12, 27]
2018-04-20,7003,[12, 8]
2018-04-20,8241,[12, 25, 26]
2018-04-20,8321,[12, 8]
2018-04-20,10252,[12, 27]
2018-04-20,10379,[12, 23]
2018-04-21,10379,[12, 8]
2018-04-21,8321,[4, 11, 8]
2018-04-21,10252,[12, 27, 28]
2018-04-21,10325,[27, 11, 8]
2018-04-21,8241,[25, 11]
2018-04-21,10251,[12, 27, 8]
2018-04-21,8240,[12, 25]
2018-04-22,8313,[12, 9, 25, 26]
2018-04-22,10325,[11, 8]
2018-04-22,8299,[15, 11]
2018-04-23,8299,[15, 11]
2018-04-23,3056,[12]
2018-04-23,8313,[12, 9]
2018-04-24,8299,[15, 11]
2018-04-24,3083,[25, 11]
2018-04-24,3056,[12]
2018-04-24,8296,[12, 9]
2018-04-24,3068,[12]
2018-04-24,8300,[15, 11]
2018-04-24,3669,[12, 25]
2018-04-25,3669,[12]
2018-04-25,3001,[12, 8]
2018-04-25,3068,[12]
2018-04-25,3056,[12]
2018-04-25,3003,[12]
2018-04-25,3010,[12, 9]
2018-04-25,8296,[12, 9]
2018-04-25,3083,[12, 9, 25, 11, 8]
2018-04-26,8296,[12, 9]
2018-04-26,3068,[12]
2018-04-26,3637,[12, 23]
2018-04-26,3001,[12, 8]
2018-04-26,8300,[2, 11]
2018-04-26,3056,[12]
2018-04-26,3074,[12]
2018-04-26,3003,[12]
2018-04-26,3086,[15, 12, 25, 11]
2018-04-26,3669,[12]
2018-04-26,3073,[12, 9]
2018-04-27,3073,[12, 9]
2018-04-27,3074,[12, 9]
2018-04-27,3637,[12, 23]
2018-04-27,3669,[12]
2018-04-27,3076,[12, 11]
2018-04-27,3068,[12]
2018-04-27,8296,[12, 9, 2]
2018-04-27,3056,[12]
2018-04-27,3085,[12, 27, 8]
2018-04-27,3086,[12, 9, 27, 11]
2018-04-27,3003,[12]
2018-04-27,3001,[12]
2018-04-27,8291,[12, 9, 25, 26]
2018-04-28,8291,[12, 9]
2018-04-28,3001,[12]
2018-04-28,3076,[12, 11]
2018-04-28,3003,[12]
2018-04-28,3637,[12, 2]
2018-04-28,8289,[12, 9]
2018-04-28,3669,[12]
2018-04-28,3068,[12, 9]
2018-04-28,3056,[12]
2018-04-29,3056,[12]
2018-04-29,3068,[12, 9]
2018-04-29,8291,[12, 9]
2018-04-29,3669,[12, 9]
2018-04-29,8289,[12, 9, 8]
2018-04-29,3003,[12]
2018-04-29,3017,[12, 9]
2018-04-29,3001,[12]
2018-04-29,3087,[12, 25]
2018-04-29,3076,[12, 11]
2018-04-29,3021,[12, 25]
2018-04-30,3021,[12, 8]
2018-04-30,3003,[12]
2018-04-30,3076,[12, 2, 11]
2018-04-30,3056,[12]
2018-04-30,3669,[12, 9]
2018-04-30,3087,[12, 8]
2018-04-30,3068,[12, 9]
2018-04-30,3001,[12]
2018-05-01,3001,[12]
2018-05-01,3068,[12, 9]
2018-05-01,3056,[12]
2018-05-01,3021,[12, 9]
2018-05-01,3003,[12]
2018-05-01,3669,[12, 9]
2018-05-02,3669,[12, 9]
2018-05-02,3021,[12, 8]
2018-05-02,3056,[12]
2018-05-02,10455,[12, 9]
2018-05-03,3056,[12]
2018-05-03,3669,[12, 9]
2018-05-03,3155,[9, 27, 11]
2018-05-04,3056,[12]
2018-05-04,3199,[12, 8]
2018-05-04,3555,[12, 25, 26]
2018-05-05,3555,[12, 25]
2018-05-05,3056,[12]
2018-05-06,3056,[12]
2018-05-06,3555,[12, 26]
2018-05-07,3555,[12, 26]
2018-05-07,3030,[12, 9, 26]
2018-05-07,3056,[12]
2018-05-07,3248,[12]
2018-05-08,3248,[12, 27, 8]
2018-05-08,3555,[12, 26]
2018-05-08,3218,[12, 9, 26]
2018-05-08,3261,[12, 25, 23]
2018-05-08,3030,[12, 9, 27]
2018-05-09,3555,[12, 26]
2018-05-09,3218,[12, 9, 27, 8]
2018-05-09,3292,[12, 9]
2018-05-09,3168,[11, 8]
2018-05-10,3292,[12]
2018-05-10,3555,[12, 26]
2018-05-10,10489,[11, 8]
2018-05-11,3555,[12, 26]
2018-05-11,3293,[11, 8]
2018-05-11,3292,[12, 8]
2018-05-11,3344,[11, 26]
2018-05-12,3344,[11, 26]
2018-05-12,3293,[11, 8]
2018-05-12,3555,[12, 8]
2018-05-12,3224,[12, 9]
2018-05-12,3106,[9, 11]
2018-05-13,3224,[12]
2018-05-13,10030,[12, 25]
2018-05-13,3344,[11, 8]
2018-05-13,3225,[9, 11, 8]
2018-05-14,3225,[9, 27, 11, 8]
2018-05-14,3344,[11, 8]
2018-05-14,3045,[12, 9, 26]
2018-05-14,3224,[12, 9]
2018-05-14,3047,[9, 11, 26]
2018-05-15,3047,[9, 11]
2018-05-15,3344,[11, 8]
2018-05-15,3045,[12, 9]
2018-05-15,3341,[11, 26]
2018-05-15,3042,[12, 9]
2018-05-16,3042,[12, 9]
2018-05-16,3047,[9, 11]
2018-05-16,3341,[11, 26]
2018-05-16,3045,[12, 9, 8]
2018-05-16,10026,[11]
2018-05-17,10026,[11, 8]
2018-05-17,3042,[12, 9]
2018-05-18,3042,[12]
2018-05-18,3050,[12, 9]
2018-05-19,3050,[12, 9]
2018-05-19,3042,[12, 9]
2018-05-20,3042,[12, 9, 29]
2018-05-20,3050,[12, 9]
2018-05-20,10030,[12, 9, 26]
2018-05-20,10511,[12, 8]
2018-05-21,3272,[12, 9]
2018-05-26,3051,[12, 9]
2018-05-27,3051,[12, 9]
2018-05-27,3616,[12, 25, 23]
2018-05-28,3616,[12, 9]
2018-05-29,3616,[12, 9, 11, 8]
2018-05-29,3811,[12, 9, 25]
2018-05-29,10037,[12, 9, 27]
2018-05-29,3812,[12, 9]
2018-05-30,3812,[12, 9]
2018-05-30,10037,[12, 9, 27]
2018-05-30,3616,[12, 11, 8]
2018-05-30,3809,[12, 53]
2018-05-30,3811,[12, 9]
2018-05-30,3821,[12, 9, 11]
2018-05-31,3821,[12, 9, 11]
2018-05-31,3811,[12, 9]
2018-05-31,3616,[12, 11, 8]
2018-05-31,3809,[12, 9, 53]
2018-05-31,3814,[12, 16, 25, 23]
2018-05-31,10037,[12, 27, 8]
2018-05-31,3812,[12, 9]
2018-06-01,3812,[12, 9]
2018-06-01,10037,[12]
2018-06-01,3821,[12, 11]
2018-06-01,3814,[12]
2018-06-01,3809,[12, 53]
2018-06-01,3616,[12, 8]
2018-06-01,3811,[12, 9]
2018-06-02,3811,[12, 9]
2018-06-02,3616,[12]
2018-06-02,3812,[12, 9]
2018-06-02,3809,[12, 53]
2018-06-02,3814,[12]
2018-06-02,3821,[12, 11]
2018-06-02,10037,[12, 29]
2018-06-03,3809,[12, 53]
2018-06-03,3821,[12, 11]
2018-06-03,3811,[12, 9, 8]
2018-06-03,3814,[12]
2018-06-03,3812,[12, 9, 8]
2018-06-03,3616,[12]
2018-06-04,3616,[12]
2018-06-04,3812,[12, 8]
2018-06-04,3809,[12, 53]
2018-06-04,3814,[12]
2018-06-04,3811,[12, 8]
2018-06-05,3811,[12, 8]
2018-06-05,3814,[12]
2018-06-05,3616,[12]
2018-06-05,3809,[12, 34, 53]
2018-06-05,3812,[12, 8]
2018-06-05,3881,[9, 11]
2018-06-06,3881,[11, 8]
2018-06-06,3812,[12, 29, 8]
2018-06-06,3616,[12, 29, 8]
2018-06-06,3814,[12]
2018-06-06,3811,[12, 29, 8]
2018-06-06,3825,[12, 11]
2018-06-07,3825,[9, 11]
2018-06-07,3814,[12, 9, 27]
2018-06-08,3825,[9, 11]
2018-06-09,3825,[9, 11]
2018-11-04,10509,[15, 12]
2018-11-05,10509,[15, 12]
2018-11-11,10026,[15, 12]
2018-12-07,5597,[15, 5, 2, 11]
2018-12-08,5597,[15, 11]
2018-12-09,5597,[15, 11]
2018-12-10,5597,[15, 11]
2018-12-11,5597,[15, 11]
2018-12-12,5597,[15, 11]
2018-12-13,5597,[15, 11]
2018-12-14,5597,[15, 11]
2018-12-15,5597,[15, 11]
